store_name,store_code,sku,offer_id,product_id,warehouse_name,present,reserved,free_stock,price,old_price,min_price,discount_pct,price_gap_to_min_pct,risk_score,reasons
二店,ozon_a,1001674073,DD01-GD-20+40CM-R,529186309,e邮宝特惠 5kg  三边<90,0,0,0,,,,0.0,0.0,120,无可用库存
二店,ozon_a,1001685238,DD01-SL-40+60CM-R,529193364,e邮宝特惠 5kg  三边<90,0,0,0,,,,0.0,0.0,120,无可用库存
二店,ozon_a,1002779011,DD01-GD-40+60CM-R,529187542,e邮宝特惠 5kg  三边<90,0,0,0,,,,0.0,0.0,120,无可用库存
二店,ozon_a,1037157877,D62_XDD_gold_6,549113059,e邮宝特惠 5kg  三边<90,0,0,0,,,,0.0,0.0,120,无可用库存
二店,ozon_a,1037172842,D550_XDD_black_1,549120396,e邮宝特惠 5kg  三边<90,0,0,0,,,,0.0,0.0,120,无可用库存
二店,ozon_a,1037179800,D95_XDD_gold_45,549124151,e邮宝特惠 5kg  三边<90,0,0,0,,,,0.0,0.0,120,无可用库存
二店,ozon_a,1037181919,D128_XDD_black_42,549125560,e邮宝特惠 5kg  三边<90,0,0,0,,,,0.0,0.0,120,无可用库存
二店,ozon_a,1037185145,D55_XDD_black_2,549127210,e邮宝特惠 5kg  三边<90,0,0,0,,,,0.0,0.0,120,无可用库存
二店,ozon_a,1037190390,D20+40+60_DD_black_3,549129399,e邮宝特惠 5kg  三边<90,0,0,0,,,,0.0,0.0,120,无可用库存
二店,ozon_a,1037196092,manl7s8hz5mt8cepmxgg,549132713,e邮宝特惠 5kg  三边<90,0,0,0,,,,0.0,0.0,120,无可用库存
二店,ozon_a,1037196291,D60_DD_gold_6,549132786,e邮宝特惠 5kg  三边<90,0,0,0,,,,0.0,0.0,120,无可用库存
二店,ozon_a,1037196414,L105_XDD_gold_28+1,549132843,e邮宝特惠 5kg  三边<90,0,0,0,,,,0.0,0.0,120,无可用库存
二店,ozon_a,1037200406,manla1kd3l4hn8pd1tel,549134886,e邮宝特惠 5kg  三边<90,0,0,0,,,,0.0,0.0,120,无可用库存
二店,ozon_a,1038198079,L90_CD_black_1,549723228,e邮宝特惠 5kg  三边<90,0,0,0,,,,0.0,0.0,120,无可用库存
二店,ozon_a,1045593676,D600_DD_gold_1_hudie,553822347,e邮宝特惠 5kg  三边<90,0,0,0,,,,0.0,0.0,120,无可用库存
二店,ozon_a,1045598211,D78_DD_gold_30,553824913,e邮宝特惠 5kg  三边<90,0,0,0,,,,0.0,0.0,120,无可用库存
二店,ozon_a,1045613311,D40_DD_gold_8_24shuijing,553832424,e邮宝特惠 5kg  三边<90,0,0,0,,,,0.0,0.0,120,无可用库存
二店,ozon_a,1045623609,D20+40+60+80_DD_gold_4,553838564,e邮宝特惠 5kg  三边<90,0,0,0,,,,0.0,0.0,120,无可用库存
二店,ozon_a,1046214946,manlytls0rt7spdg10ph,554159587,e邮宝特惠 5kg  三边<90,0,0,0,,,,0.0,0.0,120,无可用库存
二店,ozon_a,1047692056,D27_BD_silver_1,554973093,e邮宝特惠 5kg  三边<90,0,0,0,,,,0.0,0.0,120,无可用库存
二店,ozon_a,1047692263,D700_XDD_silver_8_1,554973169,e邮宝特惠 5kg  三边<90,0,0,0,,,,0.0,0.0,120,无可用库存
二店,ozon_a,1047693769,D20_BD_white_1,554973830,e邮宝特惠 5kg  三边<90,0,0,0,,,,0.0,0.0,120,无可用库存
二店,ozon_a,1047695390,D40_DD_gold_8_24shuijing1,554974502,e邮宝特惠 5kg  三边<90,0,0,0,,,,0.0,0.0,120,无可用库存
二店,ozon_a,1047695571,D40_DD_gold_8_48shuijing,554974538,e邮宝特惠 5kg  三边<90,0,0,0,,,,0.0,0.0,120,无可用库存
二店,ozon_a,1047699573,H1600_LDD_gold+white_4,554976899,e邮宝特惠 5kg  三边<90,0,0,0,,,,0.0,0.0,120,无可用库存
二店,ozon_a,1047703113,D36_DD_gold_9,554978467,e邮宝特惠 5kg  三边<90,0,0,0,,,,0.0,0.0,120,无可用库存
二店,ozon_a,1048079207,L90cm_CD_black_7,555181506,e邮宝特惠 5kg  三边<90,0,0,0,,,,0.0,0.0,120,无可用库存
二店,ozon_a,1048086014,D55_DD_white_1,555184623,e邮宝特惠 5kg  三边<90,0,0,0,,,,0.0,0.0,120,无可用库存
二店,ozon_a,1048090863,D68_XDD_white_1,555186951,e邮宝特惠 5kg  三边<90,0,0,0,,,,0.0,0.0,120,无可用库存
二店,ozon_a,1048094529,manlrbd3ep7igpr8wi5y,555188925,e邮宝特惠 5kg  三边<90,0,0,0,,,,0.0,0.0,120,无可用库存
二店,ozon_a,1048168587,D70_XDD_gold_1,555230770,e邮宝特惠 5kg  三边<90,0,0,0,,,,0.0,0.0,120,无可用库存
二店,ozon_a,1049052626,D35_DD_gold_3,555712089,e邮宝特惠 5kg  三边<90,0,0,0,,,,0.0,0.0,120,无可用库存
二店,ozon_a,1049056846,D60_DD_white_huabai,555714189,e邮宝特惠 5kg  三边<90,0,0,0,,,,0.0,0.0,120,无可用库存
二店,ozon_a,1049505275,D40_DD_colorful_7,555959031,e邮宝特惠 5kg  三边<90,0,0,0,,,,0.0,0.0,120,无可用库存
二店,ozon_a,1049505587,D40_DD_whtie_7,555959413,e邮宝特惠 5kg  三边<90,0,0,0,,,,0.0,0.0,120,无可用库存
二店,ozon_a,1054667314,D10_DD_black_2,558800795,e邮宝特惠 5kg  三边<90,0,0,0,,,,0.0,0.0,120,无可用库存
二店,ozon_a,1056572711,D100_DD_gold_54,559852876,e邮宝特惠 5kg  三边<90,0,0,0,,,,0.0,0.0,120,无可用库存
二店,ozon_a,1059467051,D132_FS_black_0,561512845,e邮宝特惠 5kg  三边<90,0,0,0,,,,0.0,0.0,120,无可用库存
二店,ozon_a,1059957285,D60_DD_white_8,561834757,e邮宝特惠 5kg  三边<90,0,0,0,,,,0.0,0.0,120,无可用库存
二店,ozon_a,1061370963,D60_DD_gold+white_6,562646359,e邮宝特惠 5kg  三边<90,0,0,0,,,,0.0,0.0,120,无可用库存
二店,ozon_a,1061373876,D60_DD_black+white_6,562647839,e邮宝特惠 5kg  三边<90,0,0,0,,,,0.0,0.0,120,无可用库存
二店,ozon_a,1061375657,L100_DD_silver_1,562649088,e邮宝特惠 5kg  三边<90,0,0,0,,,,0.0,0.0,120,无可用库存
二店,ozon_a,1061641277,L65_BD_black_1,562795473,e邮宝特惠 5kg  三边<90,0,0,0,,,,0.0,0.0,120,无可用库存
二店,ozon_a,1061649041,D85_DD_gold_12,562799468,e邮宝特惠 5kg  三边<90,0,0,0,,,,0.0,0.0,120,无可用库存
二店,ozon_a,1061674002,L60_BD_black_2,562817128,e邮宝特惠 5kg  三边<90,0,0,0,,,,0.0,0.0,120,无可用库存
二店,ozon_a,1001674073,DD01-GD-20+40CM-R,529186309,EUB大包 20kg,0,0,0,,,,0.0,0.0,120,无可用库存
二店,ozon_a,1001685238,DD01-SL-40+60CM-R,529193364,EUB大包 20kg,0,0,0,,,,0.0,0.0,120,无可用库存
二店,ozon_a,1002779011,DD01-GD-40+60CM-R,529187542,EUB大包 20kg,0,0,0,,,,0.0,0.0,120,无可用库存
二店,ozon_a,1002987552,manls0vbtschb67zbmew,529187017,EUB大包 20kg,0,0,0,,,,0.0,0.0,120,无可用库存
二店,ozon_a,1007198733,manly3o4om1cfd1uxjg2,532395391,EUB大包 20kg,0,0,0,,,,0.0,0.0,120,无可用库存
二店,ozon_a,1037152817,DD01-SL-20+30+40CM-R,549110910,EUB大包 20kg,0,0,0,,,,0.0,0.0,120,无可用库存
二店,ozon_a,1037162897,manlcuq661qv5dulklho,549115725,EUB大包 20kg,0,0,0,,,,0.0,0.0,120,无可用库存
二店,ozon_a,1037163279,manltgjoz679h6itl93t,549115947,EUB大包 20kg,0,0,0,,,,0.0,0.0,120,无可用库存
二店,ozon_a,1037172842,D550_XDD_black_1,549120396,EUB大包 20kg,0,0,0,,,,0.0,0.0,120,无可用库存
二店,ozon_a,1037173416,D550_DD_blue_2,549120618,EUB大包 20kg,0,0,0,,,,0.0,0.0,120,无可用库存
二店,ozon_a,1037179800,D95_XDD_gold_45,549124151,EUB大包 20kg,0,0,0,,,,0.0,0.0,120,无可用库存
二店,ozon_a,1037181919,D128_XDD_black_42,549125560,EUB大包 20kg,0,0,0,,,,0.0,0.0,120,无可用库存
二店,ozon_a,1037183377,manlv7rfh8vtkdwkszct,549126209,EUB大包 20kg,0,0,0,,,,0.0,0.0,120,无可用库存
二店,ozon_a,1037185145,D55_XDD_black_2,549127210,EUB大包 20kg,0,0,0,,,,0.0,0.0,120,无可用库存
二店,ozon_a,1037188665,manl5ih01vssfzcgatcl,549128584,EUB大包 20kg,0,0,0,,,,0.0,0.0,120,无可用库存
二店,ozon_a,1037190390,D20+40+60_DD_black_3,549129399,EUB大包 20kg,0,0,0,,,,0.0,0.0,120,无可用库存
二店,ozon_a,1037196092,manl7s8hz5mt8cepmxgg,549132713,EUB大包 20kg,0,0,0,,,,0.0,0.0,120,无可用库存
二店,ozon_a,1037196291,D60_DD_gold_6,549132786,EUB大包 20kg,0,0,0,,,,0.0,0.0,120,无可用库存
二店,ozon_a,1037196414,L105_XDD_gold_28+1,549132843,EUB大包 20kg,0,0,0,,,,0.0,0.0,120,无可用库存
二店,ozon_a,1037198181,D600_XDD_white_1,549133984,EUB大包 20kg,0,0,0,,,,0.0,0.0,120,无可用库存
二店,ozon_a,1037200406,manla1kd3l4hn8pd1tel,549134886,EUB大包 20kg,0,0,0,,,,0.0,0.0,120,无可用库存
二店,ozon_a,1037201167,D500_XDD_white_1_fs,549135317,EUB大包 20kg,0,0,0,,,,0.0,0.0,120,无可用库存
二店,ozon_a,1037202204,manlzvz5w93q4cmxiqob,549135885,EUB大包 20kg,0,0,0,,,,0.0,0.0,120,无可用库存
二店,ozon_a,1037202389,manlnfag2k9dzsctjx80,549135971,EUB大包 20kg,0,0,0,,,,0.0,0.0,120,无可用库存
二店,ozon_a,1037203225,D500_XDD_black_1_fs,549136621,EUB大包 20kg,0,0,0,,,,0.0,0.0,120,无可用库存
二店,ozon_a,1037216729,manlx3cabhmwuj97soh3,549143732,EUB大包 20kg,0,0,0,,,,0.0,0.0,120,无可用库存
二店,ozon_a,1037217189,manlrnsa8yz2a8h19zf0,549144269,EUB大包 20kg,0,0,0,,,,0.0,0.0,120,无可用库存
二店,ozon_a,1037217403,manl2ll3t32m37mdmg12,549144989,EUB大包 20kg,0,0,0,,,,0.0,0.0,120,无可用库存
二店,ozon_a,1038047716,manlzpgwlsoe0di35wx8,549619739,EUB大包 20kg,0,0,0,,,,0.0,0.0,120,无可用库存
二店,ozon_a,1038164799,manlyb9jzfaw6nmrfak8,549705210,EUB大包 20kg,0,0,0,,,,0.0,0.0,120,无可用库存
三店,ozon_b,1078915368,D20+30+40CM_DD_silver_3,572594164,EUB大包 20kg,0,0,0,,,,0.0,0.0,120,无可用库存
三店,ozon_b,1079799759,manlwl2mglvzqbwc4y7o,573116005,EUB大包 20kg,0,0,0,,,,0.0,0.0,120,无可用库存
三店,ozon_b,1082223620,D20+40+60CM_DD_black_FK,574460985,EUB大包 20kg,0,0,0,,,,0.0,0.0,120,无可用库存
三店,ozon_b,1083753039,SKU00189-белый,575287801,EUB大包 20kg,0,0,0,,,,0.0,0.0,120,无可用库存
三店,ozon_b,1083753040,SKU00189-Золотой- 84,575287805,EUB大包 20kg,0,0,0,,,,0.0,0.0,120,无可用库存
三店,ozon_b,1083753045,SKU00189-Золотой- 54,575287803,EUB大包 20kg,0,0,0,,,,0.0,0.0,120,无可用库存
三店,ozon_b,1083753050,SKU00189-Золотой- 55,575287809,EUB大包 20kg,0,0,0,,,,0.0,0.0,120,无可用库存
三店,ozon_b,1083753052,SKU00189-бордовый,575287807,EUB大包 20kg,0,0,0,,,,0.0,0.0,120,无可用库存
三店,ozon_b,1083753059,SKU00189-бежевый,575287817,EUB大包 20kg,0,0,0,,,,0.0,0.0,120,无可用库存
三店,ozon_b,1083753063,D600_DD_golden_LXSJ,575287810,EUB大包 20kg,0,0,0,,,,0.0,0.0,120,无可用库存
三店,ozon_b,1083753067,D400mm_DD_gold_K9,575287819,EUB大包 20kg,0,0,0,,,,0.0,0.0,120,无可用库存
三店,ozon_b,1083753070,SKU00189-золотой- 35- 600,575287812,EUB大包 20kg,0,0,0,,,,0.0,0.0,120,无可用库存
三店,ozon_b,1083753072,SKU00189-Золото- 58,575287808,EUB大包 20kg,0,0,0,,,,0.0,0.0,120,无可用库存
三店,ozon_b,1083753098,SKU00189-голубой,575287826,EUB大包 20kg,0,0,0,,,,0.0,0.0,120,无可用库存
三店,ozon_b,1083753099,SKU00189-золотой- 40- 1200,575287813,EUB大包 20kg,0,0,0,,,,0.0,0.0,120,无可用库存
三店,ozon_b,1083755629,D60+80CM_DD_golden_k9,575287802,EUB大包 20kg,0,0,0,,,,0.0,0.0,120,无可用库存
三店,ozon_b,1087712150,L650mm_DD_golden_8_grizzly,577509974,EUB大包 20kg,0,0,0,,,,0.0,0.0,120,无可用库存
三店,ozon_b,1093477530,manle30m00adreye22ix,580562974,EUB大包 20kg,0,0,0,,,,0.0,0.0,120,无可用库存
三店,ozon_b,1093478213,manl45ro7aincfq1i7oq,580563301,EUB大包 20kg,0,0,0,,,,0.0,0.0,120,无可用库存
三店,ozon_b,1106596927,D780mm_DD_YHC_golden+white_30,587693417,EUB大包 20kg,0,0,0,,,,0.0,0.0,120,无可用库存
三店,ozon_b,1106598077,926206889-t8kg,587693885,EUB大包 20kg,0,0,0,,,,0.0,0.0,120,无可用库存
三店,ozon_b,1106598100,L850mm_DD_Black_12,587693902,EUB大包 20kg,0,0,0,,,,0.0,0.0,120,无可用库存
三店,ozon_b,1106598131,L850mm_DD_golden_12,587693969,EUB大包 20kg,0,0,0,,,,0.0,0.0,120,无可用库存
三店,ozon_b,1119252293,D60+80CM_DD_black_2_FK,594534887,EUB大包 20kg,0,0,0,,,,0.0,0.0,120,无可用库存
三店,ozon_b,1126312648,manlu7t4xhiuzlsion27,598449727,EUB大包 20kg,0,0,0,,,,0.0,0.0,120,无可用库存
三店,ozon_b,1132547631,L110CM_DD_BLACK_8,601914490,EUB大包 20kg,0,0,0,,,,0.0,0.0,120,无可用库存
三店,ozon_b,1133905414,D500MM_gold_6_24shuijinghua,602670356,EUB大包 20kg,0,0,0,,,,0.0,0.0,120,无可用库存
三店,ozon_b,1216410386,L600mm_DD_white_13,654308627,EUB大包 20kg,0,0,0,,,,0.0,0.0,120,无可用库存
三店,ozon_b,1217115701,manlklc98ndxrdo8gklw,654872487,EUB大包 20kg,0,0,0,,,,0.0,0.0,120,无可用库存
三店,ozon_b,1217117325,D700MM_DD_white_8_yumao,654873840,EUB大包 20kg,0,0,0,,,,0.0,0.0,120,无可用库存
三店,ozon_b,1218536298,manl27argws5zxb5njo4,656051355,EUB大包 20kg,0,0,0,,,,0.0,0.0,120,无可用库存
三店,ozon_b,1223870684,L430mm_DD_golden,659998494,EUB大包 20kg,0,0,0,,,,0.0,0.0,120,无可用库存
三店,ozon_b,1225611068,manlluc8ibzx1ju9bxqy,661391478,EUB大包 20kg,0,0,0,,,,0.0,0.0,120,无可用库存
三店,ozon_b,1227469066,manla7q7zy65454,662971141,EUB大包 20kg,0,0,0,,,,0.0,0.0,120,无可用库存
三店,ozon_b,1228331170,L1200mm_DD_golden_12,663732696,EUB大包 20kg,0,0,0,,,,0.0,0.0,120,无可用库存
三店,ozon_b,1228331464,1155409189-pltn,663732785,EUB大包 20kg,0,0,0,,,,0.0,0.0,120,无可用库存
三店,ozon_b,1228332605,1155410667-tq25,663734326,EUB大包 20kg,0,0,0,,,,0.0,0.0,120,无可用库存
三店,ozon_b,1228332961,1155410509-esdm,663733987,EUB大包 20kg,0,0,0,,,,0.0,0.0,120,无可用库存
三店,ozon_b,1228333029,1155411009-r6bu,663734492,EUB大包 20kg,0,0,0,,,,0.0,0.0,120,无可用库存
三店,ozon_b,1228333192,1155410675-677s,663734574,EUB大包 20kg,0,0,0,,,,0.0,0.0,120,无可用库存
三店,ozon_b,1228333198,1155410454-pbf3,663734538,EUB大包 20kg,0,0,0,,,,0.0,0.0,120,无可用库存
三店,ozon_b,1228349869,1064474008-i2aq,663752332,EUB大包 20kg,0,0,0,,,,0.0,0.0,120,无可用库存
三店,ozon_b,1228349901,D80CM-XDD-black-12-YH,663752903,EUB大包 20kg,0,0,0,,,,0.0,0.0,120,无可用库存
三店,ozon_b,1228352675,971115287-lh59,663756009,EUB大包 20kg,0,0,0,,,,0.0,0.0,120,无可用库存
三店,ozon_b,1232681740,1136637561-jq3h,667184163,EUB大包 20kg,0,0,0,,,,0.0,0.0,120,无可用库存
三店,ozon_b,1237311907,973906080-13fk,671052755,EUB大包 20kg,0,0,0,,,,0.0,0.0,120,无可用库存
三店,ozon_b,1237313098,974187930-a4h3,671052675,EUB大包 20kg,0,0,0,,,,0.0,0.0,120,无可用库存
三店,ozon_b,1237338170,L600mm_DD_golden_8_YP,671056023,EUB大包 20kg,0,0,0,,,,0.0,0.0,120,无可用库存
三店,ozon_b,1237340048,532676799-t7so,671049849,EUB大包 20kg,0,0,0,,,,0.0,0.0,120,无可用库存
三店,ozon_b,1237341695,897800745-u654,671056528,EUB大包 20kg,0,0,0,,,,0.0,0.0,120,无可用库存
三店,ozon_b,1078915368,D20+30+40CM_DD_silver_3,572594164,e邮宝特惠 5kg 三边<90,0,0,0,,,,0.0,0.0,120,无可用库存
三店,ozon_b,1082223620,D20+40+60CM_DD_black_FK,574460985,e邮宝特惠 5kg 三边<90,0,0,0,,,,0.0,0.0,120,无可用库存
三店,ozon_b,1083753063,D600_DD_golden_LXSJ,575287810,e邮宝特惠 5kg 三边<90,0,0,0,,,,0.0,0.0,120,无可用库存
三店,ozon_b,1083753067,D400mm_DD_gold_K9,575287819,e邮宝特惠 5kg 三边<90,0,0,0,,,,0.0,0.0,120,无可用库存
三店,ozon_b,1083753098,SKU00189-голубой,575287826,e邮宝特惠 5kg 三边<90,0,0,0,,,,0.0,0.0,120,无可用库存
三店,ozon_b,1083755629,D60+80CM_DD_golden_k9,575287802,e邮宝特惠 5kg 三边<90,0,0,0,,,,0.0,0.0,120,无可用库存
三店,ozon_b,1106596927,D780mm_DD_YHC_golden+white_30,587693417,e邮宝特惠 5kg 三边<90,0,0,0,,,,0.0,0.0,120,无可用库存
三店,ozon_b,1106598131,L850mm_DD_golden_12,587693969,e邮宝特惠 5kg 三边<90,0,0,0,,,,0.0,0.0,120,无可用库存
三店,ozon_b,1133905414,D500MM_gold_6_24shuijinghua,602670356,e邮宝特惠 5kg 三边<90,0,0,0,,,,0.0,0.0,120,无可用库存
三店,ozon_b,1223870684,L430mm_DD_golden,659998494,e邮宝特惠 5kg 三边<90,0,0,0,,,,0.0,0.0,120,无可用库存
三店,ozon_b,1228349869,1064474008-i2aq,663752332,e邮宝特惠 5kg 三边<90,0,0,0,,,,0.0,0.0,120,无可用库存
三店,ozon_b,1228349901,D80CM-XDD-black-12-YH,663752903,e邮宝特惠 5kg 三边<90,0,0,0,,,,0.0,0.0,120,无可用库存
三店,ozon_b,1237338170,L600mm_DD_golden_8_YP,671056023,e邮宝特惠 5kg 三边<90,0,0,0,,,,0.0,0.0,120,无可用库存
三店,ozon_b,1238996813,L800+600mm_DD_silvery_2,672311352,e邮宝特惠 5kg 三边<90,0,0,0,,,,0.0,0.0,120,无可用库存
三店,ozon_b,1247090783,L500mm_XDD_blue_3_YHY,679072529,e邮宝特惠 5kg 三边<90,0,0,0,,,,0.0,0.0,120,无可用库存
三店,ozon_b,1247090826,L500mm_XDD_blue_3-1,679072647,e邮宝特惠 5kg 三边<90,0,0,0,,,,0.0,0.0,120,无可用库存
三店,ozon_b,1247091624,L1000mm_DD_silver_2_Remote Control,679073261,e邮宝特惠 5kg 三边<90,0,0,0,,,,0.0,0.0,120,无可用库存
三店,ozon_b,1247097381,L1520mm_XDD_brown,679078977,e邮宝特惠 5kg 三边<90,0,0,0,,,,0.0,0.0,120,无可用库存
三店,ozon_b,1247098159,966657168-q7a8,679079267,e邮宝特惠 5kg 三边<90,0,0,0,,,,0.0,0.0,120,无可用库存
三店,ozon_b,1257449066,L500mm_XDD_golden,690595402,e邮宝特惠 5kg 三边<90,0,0,0,,,,0.0,0.0,120,无可用库存
三店,ozon_b,1258501231,807447060-cq5i,691658424,e邮宝特惠 5kg 三边<90,0,0,0,,,,0.0,0.0,120,无可用库存
三店,ozon_b,1258501272,L1160mm_XDD_Black_12,691658345,e邮宝特惠 5kg 三边<90,0,0,0,,,,0.0,0.0,120,无可用库存
三店,ozon_b,1258702864,L950mm_DD_golden+white_45,691877171,e邮宝特惠 5kg 三边<90,0,0,0,,,,0.0,0.0,120,无可用库存
三店,ozon_b,1258707820,L400mm_BD_golden_3_BJZ,691883062,e邮宝特惠 5kg 三边<90,0,0,0,,,,0.0,0.0,120,无可用库存
三店,ozon_b,1259538673,1228041161-aw11,692781852,e邮宝特惠 5kg 三边<90,0,0,0,,,,0.0,0.0,120,无可用库存
三店,ozon_b,1259540706,D60+80CM_DD_white_YKL,692783563,e邮宝特惠 5kg 三边<90,0,0,0,,,,0.0,0.0,120,无可用库存
三店,ozon_b,1262132669,L950mm_DD_black_45,695667013,e邮宝特惠 5kg 三边<90,0,0,0,,,,0.0,0.0,120,无可用库存
三店,ozon_b,1262133320,L950mm_DD_black_45-1,695669234,e邮宝特惠 5kg 三边<90,0,0,0,,,,0.0,0.0,120,无可用库存
三店,ozon_b,1262694641,L860mm_DD_golden_36_YHC,695666074,e邮宝特惠 5kg 三边<90,0,0,0,,,,0.0,0.0,120,无可用库存
三店,ozon_b,1264052741,L600mm_DD_silvery_6,697771597,e邮宝特惠 5kg 三边<90,0,0,0,,,,0.0,0.0,120,无可用库存
四店,ozon_c,1092969814,L1200mm_DD_silver_2_LIUSU,580268760,e邮宝特惠 5kg 三边<90,0,0,0,,,,0.0,0.0,120,无可用库存
四店,ozon_c,1093024874,D400mm_DD_silver_LIUSU,580310077,e邮宝特惠 5kg 三边<90,0,0,0,,,,0.0,0.0,120,无可用库存
四店,ozon_c,1093485927,BCS-20230723174043fc14,580561329,e邮宝特惠 5kg 三边<90,0,0,0,,,,0.0,0.0,120,无可用库存
四店,ozon_c,1460595371,1401385996-09mt,919561025,e邮宝特惠 5kg 三边<90,0,0,0,,,,0.0,0.0,120,无可用库存
四店,ozon_c,1460802463,1401386098-nrw3,919805748,e邮宝特惠 5kg 三边<90,0,0,0,,,,0.0,0.0,120,无可用库存
四店,ozon_c,1461123884,1445950607-8a1e,920186770,e邮宝特惠 5kg 三边<90,0,0,0,,,,0.0,0.0,120,无可用库存
四店,ozon_c,1461131432,1395965313-7upx,920196315,e邮宝特惠 5kg 三边<90,0,0,0,,,,0.0,0.0,120,无可用库存
四店,ozon_c,1462618926,1060881827-mnnd,921992992,e邮宝特惠 5kg 三边<90,0,0,0,,,,0.0,0.0,120,无可用库存
四店,ozon_c,1484852617,1445951284-s3gy,921482670,e邮宝特惠 5kg 三边<90,0,0,0,,,,0.0,0.0,120,无可用库存
四店,ozon_c,1484973232,1401513331-6mkv,920097170,e邮宝特惠 5kg 三边<90,0,0,0,,,,0.0,0.0,120,无可用库存
四店,ozon_c,1501450157,19555582-pflfovmf,949644049,e邮宝特惠 5kg 三边<90,0,0,0,,,,0.0,0.0,120,无可用库存
四店,ozon_c,1502669489,140596-52lp,969094609,e邮宝特惠 5kg 三边<90,0,0,0,,,,0.0,0.0,120,无可用库存
四店,ozon_c,1514466922,BCS-20230722233028ixdi1,983549280,e邮宝特惠 5kg 三边<90,0,0,0,,,,0.0,0.0,120,无可用库存
四店,ozon_c,1788951242,M450M-DD-white-21,1296859833,e邮宝特惠 5kg 三边<90,0,0,0,,,,0.0,0.0,120,无可用库存
四店,ozon_c,1796640488,D600MM-DD-black-9,1306506023,e邮宝特惠 5kg 三边<90,0,0,0,,,,0.0,0.0,120,无可用库存
四店,ozon_c,1890041457,D100cm_DD_silver_15_sj,1427793468,e邮宝特惠 5kg 三边<90,0,0,0,,,,0.0,0.0,120,无可用库存
四店,ozon_c,1890455686,600MM-DD-silvery-8,1428270754,e邮宝特惠 5kg 三边<90,0,0,0,,,,0.0,0.0,120,无可用库存
四店,ozon_c,1890565846,500MM-DD-silvery-6,1428266575,e邮宝特惠 5kg 三边<90,0,0,0,,,,0.0,0.0,120,无可用库存
四店,ozon_c,1896384978,550-DD-black-3,1435903636,e邮宝特惠 5kg 三边<90,0,0,0,,,,0.0,0.0,120,无可用库存
四店,ozon_c,1896385316,550-DD-white-3,1435903588,e邮宝特惠 5kg 三边<90,0,0,0,,,,0.0,0.0,120,无可用库存
四店,ozon_c,1896536184,D1000-DD-yellow-1,1436120702,e邮宝特惠 5kg 三边<90,0,0,0,,,,0.0,0.0,120,无可用库存
四店,ozon_c,1896536534,D1200-DD-yellow-1,1436120724,e邮宝特惠 5kg 三边<90,0,0,0,,,,0.0,0.0,120,无可用库存
四店,ozon_c,1896539537,D1200-DD-brown-1,1436120775,e邮宝特惠 5kg 三边<90,0,0,0,,,,0.0,0.0,120,无可用库存
四店,ozon_c,1896540099,D1000-DD-brown-1,1436120742,e邮宝特惠 5kg 三边<90,0,0,0,,,,0.0,0.0,120,无可用库存
四店,ozon_c,1896540332,D800-DD-yellow-1,1436120689,e邮宝特惠 5kg 三边<90,0,0,0,,,,0.0,0.0,120,无可用库存
四店,ozon_c,1902118105,L800-XDD-white-3,1443273880,e邮宝特惠 5kg 三边<90,0,0,0,,,,0.0,0.0,120,无可用库存
四店,ozon_c,1902119158,L1100-XDD-white-3,1443273883,e邮宝特惠 5kg 三边<90,0,0,0,,,,0.0,0.0,120,无可用库存
四店,ozon_c,1902119684,L1100-XDD-black-3,1443273889,e邮宝特惠 5kg 三边<90,0,0,0,,,,0.0,0.0,120,无可用库存
四店,ozon_c,1914415300,D550-DD-gold-1,1459235428,e邮宝特惠 5kg 三边<90,0,0,0,,,,0.0,0.0,120,无可用库存
四店,ozon_c,1914416817,D550-DD-white-1,1459235376,e邮宝特惠 5kg 三边<90,0,0,0,,,,0.0,0.0,120,无可用库存
四店,ozon_c,1919210020,430H-TD-white-1,1465758595,e邮宝特惠 5kg 三边<90,0,0,0,,,,0.0,0.0,120,无可用库存
四店,ozon_c,1919216876,430H-TD-black-1,1465758549,e邮宝特惠 5kg 三边<90,0,0,0,,,,0.0,0.0,120,无可用库存
四店,ozon_c,1921096369,430H-TD-brown-1,1468281665,e邮宝特惠 5kg 三边<90,0,0,0,,,,0.0,0.0,120,无可用库存
四店,ozon_c,1931285376,D600MM-DD-transparently-9,1482429545,e邮宝特惠 5kg 三边<90,0,0,0,,,,0.0,0.0,120,无可用库存
四店,ozon_c,1931302434,D600MM-DD-white-9,1482429524,e邮宝特惠 5kg 三边<90,0,0,0,,,,0.0,0.0,120,无可用库存
四店,ozon_c,1944890762,D800MM-DD-white-12,1500864136,e邮宝特惠 5kg 三边<90,0,0,0,,,,0.0,0.0,120,无可用库存
四店,ozon_c,1944890957,D450MM-DD-white-6,1500864285,e邮宝特惠 5kg 三边<90,0,0,0,,,,0.0,0.0,120,无可用库存
四店,ozon_c,1944891278,D450MM-DD-transparently-6,1500864199,e邮宝特惠 5kg 三边<90,0,0,0,,,,0.0,0.0,120,无可用库存
四店,ozon_c,1944892928,D800MM-DD-transparently-12,1500863994,e邮宝特惠 5kg 三边<90,0,0,0,,,,0.0,0.0,120,无可用库存
四店,ozon_c,1945159216,D400MM-DD-silvery-4,1501244053,e邮宝特惠 5kg 三边<90,0,0,0,,,,0.0,0.0,120,无可用库存
四店,ozon_c,1948811859,D600MM-DD-silvery-LIUSU,1506265828,e邮宝特惠 5kg 三边<90,0,0,0,,,,0.0,0.0,120,无可用库存
四店,ozon_c,1948815056,D500_DD_silver_1_remote controller,1506268146,e邮宝特惠 5kg 三边<90,0,0,0,,,,0.0,0.0,120,无可用库存
四店,ozon_c,1948817541,D200_DD_silver_1,1506267708,e邮宝特惠 5kg 三边<90,0,0,0,,,,0.0,0.0,120,无可用库存
四店,ozon_c,1948821373,L800+600mm_DD_silver_2_liusu,1506276854,e邮宝特惠 5kg 三边<90,0,0,0,,,,0.0,0.0,120,无可用库存
四店,ozon_c,1948825201,L1000-DD-silvery-liushu,1506277149,e邮宝特惠 5kg 三边<90,0,0,0,,,,0.0,0.0,120,无可用库存
四店,ozon_c,1958366242,M700-DD-white-46,1518829048,e邮宝特惠 5kg 三边<90,0,0,0,,,,0.0,0.0,120,无可用库存
四店,ozon_c,1958367347,M580-DD-white-35,1518829076,e邮宝特惠 5kg 三边<90,0,0,0,,,,0.0,0.0,120,无可用库存
四店,ozon_c,1966802523,D800mm-DD-black-12,1530036459,e邮宝特惠 5kg 三边<90,0,0,0,,,,0.0,0.0,120,无可用库存
四店,ozon_c,1966802983,D1000mm-DD-black-15,1530036351,e邮宝特惠 5kg 三边<90,0,0,0,,,,0.0,0.0,120,无可用库存
四店,ozon_c,1972851552,L850MM-DD-silvery-8,1538210608,e邮宝特惠 5kg 三边<90,0,0,0,,,,0.0,0.0,120,无可用库存
四店,ozon_c,1461131432,1395965313-7upx,920196315,UNI高客单价大件25kg 7000卢布以上 陆空,0,0,0,,,,0.0,0.0,120,无可用库存
四店,ozon_c,1514466922,BCS-20230722233028ixdi1,983549280,UNI高客单价大件25kg 7000卢布以上 陆空,0,0,0,,,,0.0,0.0,120,无可用库存
四店,ozon_c,1896539537,D1200-DD-brown-1,1436120775,UNI高客单价大件25kg 7000卢布以上 陆空,0,0,0,,,,0.0,0.0,120,无可用库存
四店,ozon_c,1902119158,L1100-XDD-white-3,1443273883,UNI高客单价大件25kg 7000卢布以上 陆空,0,0,0,,,,0.0,0.0,120,无可用库存
四店,ozon_c,1919216876,430H-TD-black-1,1465758549,UNI高客单价大件25kg 7000卢布以上 陆空,0,0,0,,,,0.0,0.0,120,无可用库存
四店,ozon_c,1944890762,D800MM-DD-white-12,1500864136,UNI高客单价大件25kg 7000卢布以上 陆空,0,0,0,,,,0.0,0.0,120,无可用库存
四店,ozon_c,1944891278,D450MM-DD-transparently-6,1500864199,UNI高客单价大件25kg 7000卢布以上 陆空,0,0,0,,,,0.0,0.0,120,无可用库存
四店,ozon_c,1944892928,D800MM-DD-transparently-12,1500863994,UNI高客单价大件25kg 7000卢布以上 陆空,0,0,0,,,,0.0,0.0,120,无可用库存
四店,ozon_c,1948821373,L800+600mm_DD_silver_2_liusu,1506276854,UNI高客单价大件25kg 7000卢布以上 陆空,0,0,0,,,,0.0,0.0,120,无可用库存
四店,ozon_c,1958367347,M580-DD-white-35,1518829076,UNI高客单价大件25kg 7000卢布以上 陆空,0,0,0,,,,0.0,0.0,120,无可用库存
四店,ozon_c,1972853231,L1000MM-DD-silvery-12,1538210786,UNI高客单价大件25kg 7000卢布以上 陆空,0,0,0,,,,0.0,0.0,120,无可用库存
四店,ozon_c,1986567618,L1600MM-DD-black-8,1556950462,UNI高客单价大件25kg 7000卢布以上 陆空,0,0,0,,,,0.0,0.0,120,无可用库存
四店,ozon_c,1986567680,L1400MM-DD-black-7,1556950428,UNI高客单价大件25kg 7000卢布以上 陆空,0,0,0,,,,0.0,0.0,120,无可用库存
四店,ozon_c,2062196012,D1500-DD-yellow-1,1667590086,UNI高客单价大件25kg 7000卢布以上 陆空,0,0,0,,,,0.0,0.0,120,无可用库存
四店,ozon_c,2272172715,1700811885-40rm,1949278147,UNI高客单价大件25kg 7000卢布以上 陆空,0,0,0,,,,0.0,0.0,120,无可用库存
四店,ozon_c,2272189075,1700811974-3w1r,1949289787,UNI高客单价大件25kg 7000卢布以上 陆空,0,0,0,,,,0.0,0.0,120,无可用库存
四店,ozon_c,2272195807,1700816942-0jfz,1949281340,UNI高客单价大件25kg 7000卢布以上 陆空,0,0,0,,,,0.0,0.0,120,无可用库存
四店,ozon_c,2291294066,1670722680-6kw2,1974481415,UNI高客单价大件25kg 7000卢布以上 陆空,0,0,0,,,,0.0,0.0,120,无可用库存
四店,ozon_c,2291299305,1670722807-scgg,1974482810,UNI高客单价大件25kg 7000卢布以上 陆空,0,0,0,,,,0.0,0.0,120,无可用库存
四店,ozon_c,2632719711,2402039348-gulk,2420540741,UNI高客单价大件25kg 7000卢布以上 陆空,0,0,0,,,,0.0,0.0,120,无可用库存
四店,ozon_c,2632720232,2402039406-55q3,2420541691,UNI高客单价大件25kg 7000卢布以上 陆空,0,0,0,,,,0.0,0.0,120,无可用库存
四店,ozon_c,2632721568,2402040147-918f,2420543947,UNI高客单价大件25kg 7000卢布以上 陆空,0,0,0,,,,0.0,0.0,120,无可用库存
四店,ozon_c,2632723662,2402040557-5mfh,2420546872,UNI高客单价大件25kg 7000卢布以上 陆空,0,0,0,,,,0.0,0.0,120,无可用库存
四店,ozon_c,2632723686,2402040405-bdme,2420544976,UNI高客单价大件25kg 7000卢布以上 陆空,0,0,0,,,,0.0,0.0,120,无可用库存
四店,ozon_c,2632724281,2402040693-jye3,2420547959,UNI高客单价大件25kg 7000卢布以上 陆空,0,0,0,,,,0.0,0.0,120,无可用库存
四店,ozon_c,2632727372,2402040539-n02t,2420545874,UNI高客单价大件25kg 7000卢布以上 陆空,0,0,0,,,,0.0,0.0,120,无可用库存
四店,ozon_c,2638682023,1696354903-o820,2428678359,UNI高客单价大件25kg 7000卢布以上 陆空,0,0,0,,,,0.0,0.0,120,无可用库存
四店,ozon_c,2638687942,1696354902-nj4s,2428685348,UNI高客单价大件25kg 7000卢布以上 陆空,0,0,0,,,,0.0,0.0,120,无可用库存
四店,ozon_c,2640825779,2477592736-9j87,2431480173,UNI高客单价大件25kg 7000卢布以上 陆空,0,0,0,,,,0.0,0.0,120,无可用库存
四店,ozon_c,2658400158,1910658335-aa4w,2455030265,UNI高客单价大件25kg 7000卢布以上 陆空,0,0,0,,,,0.0,0.0,120,无可用库存
五店,ozon_d,1122524704,manlqn1jt875reh8l0zl,596369297,EUB大包 20kg,0,0,0,,,,0.0,0.0,120,无可用库存
五店,ozon_d,1132678992,manl3qxauipmhhtmx5wi,601999158,EUB大包 20kg,0,0,0,,,,0.0,0.0,120,无可用库存
五店,ozon_d,1133925134,manlfqx3h4l3pobppytg,602677621,EUB大包 20kg,0,0,0,,,,0.0,0.0,120,无可用库存
五店,ozon_d,1133929541,manlfk9f6t0e3dw7untp,602679403,EUB大包 20kg,0,0,0,,,,0.0,0.0,120,无可用库存
五店,ozon_d,1135027055,manl4uodw6is6i6dnj24,603247760,EUB大包 20kg,0,0,0,,,,0.0,0.0,120,无可用库存
五店,ozon_d,1135036181,manlfv9zesh6asjyuf6n,603252254,EUB大包 20kg,0,0,0,,,,0.0,0.0,120,无可用库存
五店,ozon_d,1135046467,manl94u0upqsh1l0kpmj,603256376,EUB大包 20kg,0,0,0,,,,0.0,0.0,120,无可用库存
五店,ozon_d,1135047494,manlmpy5ookpxai05fry,603257106,EUB大包 20kg,0,0,0,,,,0.0,0.0,120,无可用库存
五店,ozon_d,1157980458,manlcctj8f4afmdly7c1,616285538,EUB大包 20kg,0,0,0,,,,0.0,0.0,120,无可用库存
五店,ozon_d,1158067828,manlzcc2b1663zb25aqy,616334822,EUB大包 20kg,0,0,0,,,,0.0,0.0,120,无可用库存
五店,ozon_d,1227282907,1076015955-ttau,662817175,EUB大包 20kg,0,0,0,,,,0.0,0.0,120,无可用库存
五店,ozon_d,1227282942,1076011276-pl7v,662817249,EUB大包 20kg,0,0,0,,,,0.0,0.0,120,无可用库存
五店,ozon_d,1227282986,1076099026-cfey,662817295,EUB大包 20kg,0,0,0,,,,0.0,0.0,120,无可用库存
五店,ozon_d,1227283980,1108289458-v12n,662818052,EUB大包 20kg,0,0,0,,,,0.0,0.0,120,无可用库存
五店,ozon_d,1227284426,1108289787-0161,662818069,EUB大包 20kg,0,0,0,,,,0.0,0.0,120,无可用库存
五店,ozon_d,1227284857,1108275678-iaxs,662818083,EUB大包 20kg,0,0,0,,,,0.0,0.0,120,无可用库存
五店,ozon_d,1227463675,519363203-iz7k,662966877,EUB大包 20kg,0,0,0,,,,0.0,0.0,120,无可用库存
五店,ozon_d,1227463740,519367126-br89,662966762,EUB大包 20kg,0,0,0,,,,0.0,0.0,120,无可用库存
五店,ozon_d,1227463792,1057169144-nod8,662966754,EUB大包 20kg,0,0,0,,,,0.0,0.0,120,无可用库存
五店,ozon_d,1227463805,519349888-c4y1,662966798,EUB大包 20kg,0,0,0,,,,0.0,0.0,120,无可用库存
五店,ozon_d,1227463821,849223457-78c0,662966919,EUB大包 20kg,0,0,0,,,,0.0,0.0,120,无可用库存
五店,ozon_d,1227463838,849300094-bozk,662966941,EUB大包 20kg,0,0,0,,,,0.0,0.0,120,无可用库存
五店,ozon_d,1227463932,849223331-5y35,662966989,EUB大包 20kg,0,0,0,,,,0.0,0.0,120,无可用库存
五店,ozon_d,1227464050,849235074-i4vf,662967241,EUB大包 20kg,0,0,0,,,,0.0,0.0,120,无可用库存
五店,ozon_d,1227466644,704646589-kxcc,662969153,EUB大包 20kg,0,0,0,,,,0.0,0.0,120,无可用库存
五店,ozon_d,1227466696,704752218-b8m3,662969176,EUB大包 20kg,0,0,0,,,,0.0,0.0,120,无可用库存
五店,ozon_d,1227466706,706010233-59b3,662969164,EUB大包 20kg,0,0,0,,,,0.0,0.0,120,无可用库存
五店,ozon_d,1227466783,773866137-ex9g,662969188,EUB大包 20kg,0,0,0,,,,0.0,0.0,120,无可用库存
五店,ozon_d,1227467436,1057168344-7h37,662969815,EUB大包 20kg,0,0,0,,,,0.0,0.0,120,无可用库存
五店,ozon_d,1227467439,1057167611-ejmf,662969703,EUB大包 20kg,0,0,0,,,,0.0,0.0,120,无可用库存
五店,ozon_d,1227467453,1057128639-v19o,662969855,EUB大包 20kg,0,0,0,,,,0.0,0.0,120,无可用库存
五店,ozon_d,1227467454,1057144146-v8kc,662969956,EUB大包 20kg,0,0,0,,,,0.0,0.0,120,无可用库存
五店,ozon_d,1227467502,1057201674-wy1h,662969974,EUB大包 20kg,0,0,0,,,,0.0,0.0,120,无可用库存
五店,ozon_d,1227467678,1057145677-asai,662970000,EUB大包 20kg,0,0,0,,,,0.0,0.0,120,无可用库存
五店,ozon_d,1227468056,631574724-oobd,662970343,EUB大包 20kg,0,0,0,,,,0.0,0.0,120,无可用库存
五店,ozon_d,1227468062,849209414-mltt,662969721,EUB大包 20kg,0,0,0,,,,0.0,0.0,120,无可用库存
五店,ozon_d,1227468064,1057125304-tpff,662969783,EUB大包 20kg,0,0,0,,,,0.0,0.0,120,无可用库存
五店,ozon_d,1227468258,631644267-wf1l,662970456,EUB大包 20kg,0,0,0,,,,0.0,0.0,120,无可用库存
五店,ozon_d,1227469840,945380163-p060,662971597,EUB大包 20kg,0,0,0,,,,0.0,0.0,120,无可用库存
五店,ozon_d,1227469894,625395676-lndr,662971626,EUB大包 20kg,0,0,0,,,,0.0,0.0,120,无可用库存
五店,ozon_d,1227470394,936555836-wyhb,662972125,EUB大包 20kg,0,0,0,,,,0.0,0.0,120,无可用库存
五店,ozon_d,1227471261,1119352979-zfoy,662972220,EUB大包 20kg,0,0,0,,,,0.0,0.0,120,无可用库存
五店,ozon_d,1228322815,1218493289-yaj8,663725168,EUB大包 20kg,0,0,0,,,,0.0,0.0,120,无可用库存
五店,ozon_d,1228322946,1218494739-t1ub,663725239,EUB大包 20kg,0,0,0,,,,0.0,0.0,120,无可用库存
五店,ozon_d,1228323464,1218500866-qsdv,663725642,EUB大包 20kg,0,0,0,,,,0.0,0.0,120,无可用库存
五店,ozon_d,1228323523,1218498521-jqb2,663725541,EUB大包 20kg,0,0,0,,,,0.0,0.0,120,无可用库存
五店,ozon_d,1228323687,1218495821-js6y,663725733,EUB大包 20kg,0,0,0,,,,0.0,0.0,120,无可用库存
五店,ozon_d,1228324483,1218492715-721d,663725835,EUB大包 20kg,0,0,0,,,,0.0,0.0,120,无可用库存
五店,ozon_d,1228331044,1155409339-8fn7,663732718,EUB大包 20kg,0,0,0,,,,0.0,0.0,120,无可用库存
五店,ozon_d,1228333330,1155410573-nama,663734488,EUB大包 20kg,0,0,0,,,,0.0,0.0,120,无可用库存
五店,ozon_d,1227468225,631767764-usjb,662970347,e邮宝特惠 5kg 三边<90,0,0,0,,,,0.0,0.0,120,无可用库存
五店,ozon_d,1227471261,1119352979-zfoy,662972220,e邮宝特惠 5kg 三边<90,0,0,0,,,,0.0,0.0,120,无可用库存
五店,ozon_d,1232678630,1083864047-qim0,667181395,e邮宝特惠 5kg 三边<90,0,0,0,,,,0.0,0.0,120,无可用库存
五店,ozon_d,1241884671,868376415-w4n5,674560980,e邮宝特惠 5kg 三边<90,0,0,0,,,,0.0,0.0,120,无可用库存
五店,ozon_d,1247096138,926206876-922h,679076916,e邮宝特惠 5kg 三边<90,0,0,0,,,,0.0,0.0,120,无可用库存
五店,ozon_d,1258533575,D40+60+80cm_DD_black_3_YKL,691698036,e邮宝特惠 5kg 三边<90,0,0,0,,,,0.0,0.0,120,无可用库存
五店,ozon_d,1258533609,1239645734-8yi7,691697827,e邮宝特惠 5kg 三边<90,0,0,0,,,,0.0,0.0,120,无可用库存
五店,ozon_d,1258750475,D600mm_BD_gold_6,691939257,e邮宝特惠 5kg 三边<90,0,0,0,,,,0.0,0.0,120,无可用库存
五店,ozon_d,1259533447,811296234-zy43,692776356,e邮宝特惠 5kg 三边<90,0,0,0,,,,0.0,0.0,120,无可用库存
五店,ozon_d,1259533948,L120CM_DD_Gold_12_BJZ,692776955,e邮宝特惠 5kg 三边<90,0,0,0,,,,0.0,0.0,120,无可用库存
五店,ozon_d,1282102619,996230706-l85w,718035381,e邮宝特惠 5kg 三边<90,0,0,0,,,,0.0,0.0,120,无可用库存
五店,ozon_d,1356676605,652117916-6rqn,799423853,e邮宝特惠 5kg 三边<90,0,0,0,,,,0.0,0.0,120,无可用库存
五店,ozon_d,1357995439,1118446564-vqh8,800935138,e邮宝特惠 5kg 三边<90,0,0,0,,,,0.0,0.0,120,无可用库存
五店,ozon_d,1375173341,936896211-ee0y,820336465,e邮宝特惠 5kg 三边<90,0,0,0,,,,0.0,0.0,120,无可用库存
五店,ozon_d,1385631824,1003912205-8wuj,832508148,e邮宝特惠 5kg 三边<90,0,0,0,,,,0.0,0.0,120,无可用库存
五店,ozon_d,1410052453,1117862692-abyd,860822242,e邮宝特惠 5kg 三边<90,0,0,0,,,,0.0,0.0,120,无可用库存
五店,ozon_d,1410052460,1117860615-jcqa,860822218,e邮宝特惠 5kg 三边<90,0,0,0,,,,0.0,0.0,120,无可用库存
五店,ozon_d,1410052471,1117860947-3erx,860822243,e邮宝特惠 5kg 三边<90,0,0,0,,,,0.0,0.0,120,无可用库存
五店,ozon_d,1410052477,1117863761-3uvm,860822231,e邮宝特惠 5kg 三边<90,0,0,0,,,,0.0,0.0,120,无可用库存
五店,ozon_d,1412498634,1204416972-05mu,863555443,e邮宝特惠 5kg 三边<90,0,0,0,,,,0.0,0.0,120,无可用库存
五店,ozon_d,1412498672,1204418977-o6l9,863555528,e邮宝特惠 5kg 三边<90,0,0,0,,,,0.0,0.0,120,无可用库存
五店,ozon_d,1412498685,1204417612-pph0,863555480,e邮宝特惠 5kg 三边<90,0,0,0,,,,0.0,0.0,120,无可用库存
五店,ozon_d,1412498807,1206417768-sgq9,863555667,e邮宝特惠 5kg 三边<90,0,0,0,,,,0.0,0.0,120,无可用库存
五店,ozon_d,1412550289,1003923801-ex1p,863624220,e邮宝特惠 5kg 三边<90,0,0,0,,,,0.0,0.0,120,无可用库存
五店,ozon_d,1412603055,1386316437-7ep0,863652308,e邮宝特惠 5kg 三边<90,0,0,0,,,,0.0,0.0,120,无可用库存
五店,ozon_d,1412603121,1386327911-okt4,863652470,e邮宝特惠 5kg 三边<90,0,0,0,,,,0.0,0.0,120,无可用库存
五店,ozon_d,1413728807,938705630-gtxw,865013519,e邮宝特惠 5kg 三边<90,0,0,0,,,,0.0,0.0,120,无可用库存
五店,ozon_d,1413729054,938705632-6ua0,865013566,e邮宝特惠 5kg 三边<90,0,0,0,,,,0.0,0.0,120,无可用库存
五店,ozon_d,1413729331,938714033-x9br,865013698,e邮宝特惠 5kg 三边<90,0,0,0,,,,0.0,0.0,120,无可用库存
五店,ozon_d,1454318897,1232504599-y69zsada,911934101,e邮宝特惠 5kg 三边<90,0,0,0,,,,0.0,0.0,120,无可用库存
七店,ozon_e,1354081655,1176578997-b9f6,796935723,EUB大包,0,0,0,,,,0.0,0.0,120,无可用库存
七店,ozon_e,1354082568,1248947173-3wyp,796936993,EUB大包,0,0,0,,,,0.0,0.0,120,无可用库存
七店,ozon_e,1354082590,1182056180-hnws,796936625,EUB大包,0,0,0,,,,0.0,0.0,120,无可用库存
七店,ozon_e,1354087657,1301564188-jjak,796943818,EUB大包,0,0,0,,,,0.0,0.0,120,无可用库存
七店,ozon_e,1354241660,1238901080-j0r8,797109217,EUB大包,0,0,0,,,,0.0,0.0,120,无可用库存
七店,ozon_e,1354242429,1238875964-1rf5,797110118,EUB大包,0,0,0,,,,0.0,0.0,120,无可用库存
七店,ozon_e,1354243707,739322296-0ynf,797111488,EUB大包,0,0,0,,,,0.0,0.0,120,无可用库存
七店,ozon_e,1354243788,739269341-53h3,797111471,EUB大包,0,0,0,,,,0.0,0.0,120,无可用库存
七店,ozon_e,1354243829,739257828-at36,797111496,EUB大包,0,0,0,,,,0.0,0.0,120,无可用库存
七店,ozon_e,1354243985,739631475-ajn2,797111527,EUB大包,0,0,0,,,,0.0,0.0,120,无可用库存
七店,ozon_e,1354244885,1252168936-yjpz,797112798,EUB大包,0,0,0,,,,0.0,0.0,120,无可用库存
七店,ozon_e,1354244929,1252168184-zdyc,797112871,EUB大包,0,0,0,,,,0.0,0.0,120,无可用库存
七店,ozon_e,1355195488,645151594-96xl,798123984,EUB大包,0,0,0,,,,0.0,0.0,120,无可用库存
七店,ozon_e,1356329739,1195473541-ydbk,799062472,EUB大包,0,0,0,,,,0.0,0.0,120,无可用库存
七店,ozon_e,1356329802,1195473847-vlh1,799062610,EUB大包,0,0,0,,,,0.0,0.0,120,无可用库存
七店,ozon_e,1356329850,1195473705-uyo3,799062531,EUB大包,0,0,0,,,,0.0,0.0,120,无可用库存
七店,ozon_e,1356333391,1195081330-ph2y,799066369,EUB大包,0,0,0,,,,0.0,0.0,120,无可用库存
七店,ozon_e,1356333506,1195081361-binv,799066306,EUB大包,0,0,0,,,,0.0,0.0,120,无可用库存
七店,ozon_e,1356333610,1195081397-h7ie,799066416,EUB大包,0,0,0,,,,0.0,0.0,120,无可用库存
七店,ozon_e,1356339846,1083048733-x3de,799072904,EUB大包,0,0,0,,,,0.0,0.0,120,无可用库存
七店,ozon_e,1356340127,1083059886-8jl7,799072905,EUB大包,0,0,0,,,,0.0,0.0,120,无可用库存
七店,ozon_e,1356340433,1277991823-tep4,799073003,EUB大包,0,0,0,,,,0.0,0.0,120,无可用库存
七店,ozon_e,1356674669,1341151797-on9y,799422225,EUB大包,0,0,0,,,,0.0,0.0,120,无可用库存
七店,ozon_e,1356674792,1341169303-uoi3,799422306,EUB大包,0,0,0,,,,0.0,0.0,120,无可用库存
七店,ozon_e,1356674822,1341227371-08b1,799422443,EUB大包,0,0,0,,,,0.0,0.0,120,无可用库存
七店,ozon_e,1356675050,1341229202-cpan,799422390,EUB大包,0,0,0,,,,0.0,0.0,120,无可用库存
七店,ozon_e,1356675082,754636252-hok7,799422558,EUB大包,0,0,0,,,,0.0,0.0,120,无可用库存
七店,ozon_e,1356675383,596742586-eywe,799422510,EUB大包,0,0,0,,,,0.0,0.0,120,无可用库存
七店,ozon_e,1359705916,1317559522-u5q1,802786565,EUB大包,0,0,0,,,,0.0,0.0,120,无可用库存
七店,ozon_e,1359706636,1317566711-oh7t,802786683,EUB大包,0,0,0,,,,0.0,0.0,120,无可用库存
七店,ozon_e,1359706909,1317566565-ztfh,802787035,EUB大包,0,0,0,,,,0.0,0.0,120,无可用库存
七店,ozon_e,1359724490,1291296004-jsu3,802807420,EUB大包,0,0,0,,,,0.0,0.0,120,无可用库存
七店,ozon_e,1359745399,1127325269-32lf,802828982,EUB大包,0,0,0,,,,0.0,0.0,120,无可用库存
七店,ozon_e,1359745461,1127325368-qh3n,802829068,EUB大包,0,0,0,,,,0.0,0.0,120,无可用库存
七店,ozon_e,1359745719,1127329740-s9jc,802829135,EUB大包,0,0,0,,,,0.0,0.0,120,无可用库存
七店,ozon_e,1359746072,1356029686-0fhr,802829192,EUB大包,0,0,0,,,,0.0,0.0,120,无可用库存
七店,ozon_e,1359746141,1127330019-kfx1,802829158,EUB大包,0,0,0,,,,0.0,0.0,120,无可用库存
七店,ozon_e,1359747160,1127325198-ykid,802828978,EUB大包,0,0,0,,,,0.0,0.0,120,无可用库存
七店,ozon_e,1376512538,1182059857-jlk3,821949888,EUB大包,0,0,0,,,,0.0,0.0,120,无可用库存
七店,ozon_e,1378037212,939837037-4jxc,823741530,EUB大包,0,0,0,,,,0.0,0.0,120,无可用库存
七店,ozon_e,1378038333,939836963-e4qc,823741533,EUB大包,0,0,0,,,,0.0,0.0,120,无可用库存
七店,ozon_e,1378038429,939836952-0dik,823741501,EUB大包,0,0,0,,,,0.0,0.0,120,无可用库存
七店,ozon_e,1378038918,939836950-7sx2,823741491,EUB大包,0,0,0,,,,0.0,0.0,120,无可用库存
七店,ozon_e,1378079443,939836895-2njr,823741454,EUB大包,0,0,0,,,,0.0,0.0,120,无可用库存
七店,ozon_e,1378079557,961128393-1j3p,823741554,EUB大包,0,0,0,,,,0.0,0.0,120,无可用库存
七店,ozon_e,1381588454,1106263530-yuky,827860716,EUB大包,0,0,0,,,,0.0,0.0,120,无可用库存
七店,ozon_e,1385581289,1227391681-se2o,832454695,EUB大包,0,0,0,,,,0.0,0.0,120,无可用库存
七店,ozon_e,1385585491,1234444928-wrvf,832457630,EUB大包,0,0,0,,,,0.0,0.0,120,无可用库存
七店,ozon_e,1385586935,1195729688-l7e6,832459122,EUB大包,0,0,0,,,,0.0,0.0,120,无可用库存
七店,ozon_e,1385587122,1195730662-fulg,832459253,EUB大包,0,0,0,,,,0.0,0.0,120,无可用库存
七店,ozon_e,1354242460,1238879854-wjoy,797109671,8邮政小包,0,0,0,,,,0.0,0.0,120,无可用库存
七店,ozon_e,1462290644,1312390504-hit7,921602437,8邮政小包,0,0,0,,,,0.0,0.0,120,无可用库存
七店,ozon_e,1462305024,564678952-pssu,921620408,8邮政小包,0,0,0,,,,0.0,0.0,120,无可用库存
七店,ozon_e,1462376971,1271392870-akmh,921709347,8邮政小包,0,0,0,,,,0.0,0.0,120,无可用库存
七店,ozon_e,1462615222,897495218-wyln,921988840,8邮政小包,0,0,0,,,,0.0,0.0,120,无可用库存
七店,ozon_e,1462617252,1281655029-w24d,921990767,8邮政小包,0,0,0,,,,0.0,0.0,120,无可用库存
七店,ozon_e,1462625945,1052106253-n0b4,922001139,8邮政小包,0,0,0,,,,0.0,0.0,120,无可用库存
七店,ozon_e,1462641668,1258751062-8ejw,922020191,8邮政小包,0,0,0,,,,0.0,0.0,120,无可用库存
七店,ozon_e,1462643552,1253075742-dlx4,922024413,8邮政小包,0,0,0,,,,0.0,0.0,120,无可用库存
七店,ozon_e,1462644535,1253075912-12id,922026350,8邮政小包,0,0,0,,,,0.0,0.0,120,无可用库存
七店,ozon_e,1462648155,1253075148-uzhk,922030290,8邮政小包,0,0,0,,,,0.0,0.0,120,无可用库存
七店,ozon_e,1464083322,1142088972-2q6o,923790073,8邮政小包,0,0,0,,,,0.0,0.0,120,无可用库存
七店,ozon_e,1466404807,989958892-8mnu,926620644,8邮政小包,0,0,0,,,,0.0,0.0,120,无可用库存
七店,ozon_e,1466424236,989967746-r4m4,926643244,8邮政小包,0,0,0,,,,0.0,0.0,120,无可用库存
七店,ozon_e,1466452357,1246766113-9te5,926675106,8邮政小包,0,0,0,,,,0.0,0.0,120,无可用库存
七店,ozon_e,1466598766,1246781167-5utg,926839155,8邮政小包,0,0,0,,,,0.0,0.0,120,无可用库存
七店,ozon_e,1466830965,1434291215-to3b,927094451,8邮政小包,0,0,0,,,,0.0,0.0,120,无可用库存
七店,ozon_e,1467023267,1122180544-bbxf,927336972,8邮政小包,0,0,0,,,,0.0,0.0,120,无可用库存
七店,ozon_e,1467033814,1122114975-d9vg,927334751,8邮政小包,0,0,0,,,,0.0,0.0,120,无可用库存
七店,ozon_e,1469306232,810280968-j7b4,930236250,8邮政小包,0,0,0,,,,0.0,0.0,120,无可用库存
七店,ozon_e,1469498445,950814015-86om,930445840,8邮政小包,0,0,0,,,,0.0,0.0,120,无可用库存
七店,ozon_e,1469499766,952428373-4vrx,930447193,8邮政小包,0,0,0,,,,0.0,0.0,120,无可用库存
七店,ozon_e,1469500905,952406636-9lpb,930448651,8邮政小包,0,0,0,,,,0.0,0.0,120,无可用库存
七店,ozon_e,1469502448,952404313-4kkp,930450532,8邮政小包,0,0,0,,,,0.0,0.0,120,无可用库存
七店,ozon_e,1469504724,952349579-kkhj,930453270,8邮政小包,0,0,0,,,,0.0,0.0,120,无可用库存
七店,ozon_e,1469506072,950819457-ghmy,930455281,8邮政小包,0,0,0,,,,0.0,0.0,120,无可用库存
七店,ozon_e,1469507370,952413271-d8j0,930456215,8邮政小包,0,0,0,,,,0.0,0.0,120,无可用库存
七店,ozon_e,1469508394,952399959-pi27,930456895,8邮政小包,0,0,0,,,,0.0,0.0,120,无可用库存
七店,ozon_e,1469509091,950861319-qk0y,930457558,8邮政小包,0,0,0,,,,0.0,0.0,120,无可用库存
七店,ozon_e,1469510219,950826337-mu80,930458165,8邮政小包,0,0,0,,,,0.0,0.0,120,无可用库存
八店,ozon_f,2621910813,2179606754-08nc,2406229869,CEL标准大件,0,0,0,,,,0.0,0.0,120,无可用库存
八店,ozon_f,1264036413,1232664637-vpih,697749999,EUB大包,0,0,0,,,,0.0,0.0,120,无可用库存
八店,ozon_f,1264037030,1232665076-t5xz,697750394,EUB大包,0,0,0,,,,0.0,0.0,120,无可用库存
八店,ozon_f,1264038236,1232665310-3vwo,697752078,EUB大包,0,0,0,,,,0.0,0.0,120,无可用库存
八店,ozon_f,1264038423,1232665480-6ycr,697752209,EUB大包,0,0,0,,,,0.0,0.0,120,无可用库存
八店,ozon_f,1264038861,1232665538-zjms,697752456,EUB大包,0,0,0,,,,0.0,0.0,120,无可用库存
八店,ozon_f,1264038947,1232665519-hoak,697752360,EUB大包,0,0,0,,,,0.0,0.0,120,无可用库存
八店,ozon_f,1264039317,1232665690-1t6f,697753199,EUB大包,0,0,0,,,,0.0,0.0,120,无可用库存
八店,ozon_f,1264039675,1232665719-95lt,697753655,EUB大包,0,0,0,,,,0.0,0.0,120,无可用库存
八店,ozon_f,1264039955,1232666762-dpoo,697756010,EUB大包,0,0,0,,,,0.0,0.0,120,无可用库存
八店,ozon_f,1264040035,1232666052-jupb,697755241,EUB大包,0,0,0,,,,0.0,0.0,120,无可用库存
八店,ozon_f,1264040144,1232666437-1aqw,697755898,EUB大包,0,0,0,,,,0.0,0.0,120,无可用库存
八店,ozon_f,1264041303,1232667026-r3vz,697756870,EUB大包,0,0,0,,,,0.0,0.0,120,无可用库存
八店,ozon_f,1264041419,1232667423-83pp,697757594,EUB大包,0,0,0,,,,0.0,0.0,120,无可用库存
八店,ozon_f,1264041883,1232667457-o4lq,697757967,EUB大包,0,0,0,,,,0.0,0.0,120,无可用库存
八店,ozon_f,1264042056,1232668616-typ4,697758153,EUB大包,0,0,0,,,,0.0,0.0,120,无可用库存
八店,ozon_f,1264045815,1234724968-9zxt,697762935,EUB大包,0,0,0,,,,0.0,0.0,120,无可用库存
八店,ozon_f,1264046538,1234727868-djjc,697764171,EUB大包,0,0,0,,,,0.0,0.0,120,无可用库存
八店,ozon_f,1264046676,1234725689-1zwc,697763777,EUB大包,0,0,0,,,,0.0,0.0,120,无可用库存
八店,ozon_f,1264047522,1128498351-qzvi,697765193,EUB大包,0,0,0,,,,0.0,0.0,120,无可用库存
八店,ozon_f,1264047657,1062070870-fbik,697765466,EUB大包,0,0,0,,,,0.0,0.0,120,无可用库存
八店,ozon_f,1264047871,1062071721-0p9d,697765638,EUB大包,0,0,0,,,,0.0,0.0,120,无可用库存
八店,ozon_f,1264047975,1062071842-td44,697766253,EUB大包,0,0,0,,,,0.0,0.0,120,无可用库存
八店,ozon_f,1264048181,1062072520-11ge,697766405,EUB大包,0,0,0,,,,0.0,0.0,120,无可用库存
八店,ozon_f,1264048213,1062085755-40qg,697766404,EUB大包,0,0,0,,,,0.0,0.0,120,无可用库存
八店,ozon_f,1264048539,1062087069-k6o3,697766641,EUB大包,0,0,0,,,,0.0,0.0,120,无可用库存
八店,ozon_f,1264051778,1019335360-1ws1,697770545,EUB大包,0,0,0,,,,0.0,0.0,120,无可用库存
八店,ozon_f,1264052498,1129495027-35i8,697771522,EUB大包,0,0,0,,,,0.0,0.0,120,无可用库存
八店,ozon_f,1264052542,1129494966-kwc9,697771418,EUB大包,0,0,0,,,,0.0,0.0,120,无可用库存
八店,ozon_f,1264052714,1129495141-h7ch,697771602,EUB大包,0,0,0,,,,0.0,0.0,120,无可用库存
八店,ozon_f,1264052929,1214182924-acjt,697771556,EUB大包,0,0,0,,,,0.0,0.0,120,无可用库存
八店,ozon_f,1264052938,1192732289-u7zo,697771982,EUB大包,0,0,0,,,,0.0,0.0,120,无可用库存
八店,ozon_f,1264069363,1136349680-xsa7,697789853,EUB大包,0,0,0,,,,0.0,0.0,120,无可用库存
八店,ozon_f,1264069465,1136350018-leqb,697789954,EUB大包,0,0,0,,,,0.0,0.0,120,无可用库存
八店,ozon_f,1264069749,1136350020-zw5h,697790048,EUB大包,0,0,0,,,,0.0,0.0,120,无可用库存
八店,ozon_f,1264070158,1136350065-uufi,697790544,EUB大包,0,0,0,,,,0.0,0.0,120,无可用库存
八店,ozon_f,1264070357,1136350142-geh2,697790877,EUB大包,0,0,0,,,,0.0,0.0,120,无可用库存
八店,ozon_f,1264070467,1136350092-kss4,697790699,EUB大包,0,0,0,,,,0.0,0.0,120,无可用库存
八店,ozon_f,1264070516,1030980398-ev5p,697790841,EUB大包,0,0,0,,,,0.0,0.0,120,无可用库存
八店,ozon_f,1264070833,1030986024-uana,697791214,EUB大包,0,0,0,,,,0.0,0.0,120,无可用库存
八店,ozon_f,1264070871,1136350146-m5zm,697790997,EUB大包,0,0,0,,,,0.0,0.0,120,无可用库存
八店,ozon_f,1264070904,1030986041-sypw,697791632,EUB大包,0,0,0,,,,0.0,0.0,120,无可用库存
八店,ozon_f,1264070989,1030986092-qvby,697791737,EUB大包,0,0,0,,,,0.0,0.0,120,无可用库存
八店,ozon_f,1264071045,1136350299-0e42,697791674,EUB大包,0,0,0,,,,0.0,0.0,120,无可用库存
八店,ozon_f,1264071137,1030986098-adb6,697791809,EUB大包,0,0,0,,,,0.0,0.0,120,无可用库存
八店,ozon_f,1264071182,1136350307-80y6,697791725,EUB大包,0,0,0,,,,0.0,0.0,120,无可用库存
八店,ozon_f,1264071189,1136350623-g8r9,697791794,EUB大包,0,0,0,,,,0.0,0.0,120,无可用库存
八店,ozon_f,1264071393,1030986118-8dd8,697792307,EUB大包,0,0,0,,,,0.0,0.0,120,无可用库存
八店,ozon_f,1264071439,1030986101-zifd,697791994,EUB大包,0,0,0,,,,0.0,0.0,120,无可用库存
八店,ozon_f,1264071492,1030986120-cg8r,697792392,EUB大包,0,0,0,,,,0.0,0.0,120,无可用库存
八店,ozon_f,1264071638,1030986154-v0q9,697792501,EUB大包,0,0,0,,,,0.0,0.0,120,无可用库存
八店,ozon_f,1265826614,1188335116-ebmh,699815249,GUOO-经济,0,0,0,,,,0.0,0.0,120,无可用库存
八店,ozon_f,1307514648,1164312451-74yi,745762193,GUOO-经济,0,0,0,,,,0.0,0.0,120,无可用库存
八店,ozon_f,1361583335,DIAODENG-MD-8,803198199,GUOO-经济,0,0,0,,,,0.0,0.0,120,无可用库存
八店,ozon_f,1361583698,DIAODENG-MD-6,803198200,GUOO-经济,0,0,0,,,,0.0,0.0,120,无可用库存
八店,ozon_f,1698470433,D600mm-XDD-gold-1,1191808250,GUOO-经济,0,0,0,,,,0.0,0.0,120,无可用库存
八店,ozon_f,1698470578,D800MM-XDD-gold-2,1191808281,GUOO-经济,0,0,0,,,,0.0,0.0,120,无可用库存
八店,ozon_f,1937048053,D400-XDD-gold-1,1490239010,GUOO-经济,0,0,0,,,,0.0,0.0,120,无可用库存
八店,ozon_f,1949988037,L250-BD-gold-1-yunshi,1507761202,GUOO-经济,0,0,0,,,,0.0,0.0,120,无可用库存
八店,ozon_f,1949990055,L200-BD-gold-1-yunshi,1507761251,GUOO-经济,0,0,0,,,,0.0,0.0,120,无可用库存
八店,ozon_f,1949990364,L300-BD-black-1-yunshi,1507761205,GUOO-经济,0,0,0,,,,0.0,0.0,120,无可用库存
八店,ozon_f,1950293151,L200-BD-black-1-yunshi,1507761090,GUOO-经济,0,0,0,,,,0.0,0.0,120,无可用库存
八店,ozon_f,1951153077,L300-BD-gold-1-yunshi,1507761144,GUOO-经济,0,0,0,,,,0.0,0.0,120,无可用库存
八店,ozon_f,1951506896,D800MM-XDD-золотой-2,1509794721,GUOO-经济,0,0,0,,,,0.0,0.0,120,无可用库存
八店,ozon_f,2010375919,600+800+1000-DD-white-3,1590134919,GUOO-经济,0,0,0,,,,0.0,0.0,120,无可用库存
八店,ozon_f,2010376098,600+800-DD-gold-2,1590135446,GUOO-经济,0,0,0,,,,0.0,0.0,120,无可用库存
八店,ozon_f,2010376657,600mm+800-DD-black-2,1590135249,GUOO-经济,0,0,0,,,,0.0,0.0,120,无可用库存
八店,ozon_f,2010376899,400+600-DD-white-2,1590135294,GUOO-经济,0,0,0,,,,0.0,0.0,120,无可用库存
八店,ozon_f,2010377202,400+600-DD-gold-2,1590135503,GUOO-经济,0,0,0,,,,0.0,0.0,120,无可用库存
八店,ozon_f,2010377228,600+800-DD-black-2,1590135204,GUOO-经济,0,0,0,,,,0.0,0.0,120,无可用库存
八店,ozon_f,2010381586,600+800-DD-white-2,1590135293,GUOO-经济,0,0,0,,,,0.0,0.0,120,无可用库存
八店,ozon_f,2010429908,600+800+1000-DD-black-3,1590134653,GUOO-经济,0,0,0,,,,0.0,0.0,120,无可用库存
八店,ozon_f,2034635126,D200MM-DD-blue-1,1626707705,GUOO-经济,0,0,0,,,,0.0,0.0,120,无可用库存
八店,ozon_f,2034637816,D200MM-DD-pink-1,1626707753,GUOO-经济,0,0,0,,,,0.0,0.0,120,无可用库存
八店,ozon_f,2034643040,D200MM-DD-gold-1,1626714670,GUOO-经济,0,0,0,,,,0.0,0.0,120,无可用库存
八店,ozon_f,2110482269,L800MM-XDD-gold-3,1733572324,GUOO-经济,0,0,0,,,,0.0,0.0,120,无可用库存
八店,ozon_f,2292897461,D450MM-DD-gold+red-4,1976413926,GUOO-经济,0,0,0,,,,0.0,0.0,120,无可用库存
八店,ozon_f,2292898817,D800MM-DD-gold+red-12,1976413899,GUOO-经济,0,0,0,,,,0.0,0.0,120,无可用库存
八店,ozon_f,2292898827,D150MM-DD-gold+red-1,1976413935,GUOO-经济,0,0,0,,,,0.0,0.0,120,无可用库存
八店,ozon_f,2292916349,D550MM-DD-gold+red-6,1976414025,GUOO-经济,0,0,0,,,,0.0,0.0,120,无可用库存
CNY一店,ozon_g,1552355858,L550mm_DD_golden,1026965583,EUB大包 20kg 三边<150,0,0,0,,,,0.0,0.0,120,无可用库存
CNY一店,ozon_g,1553914571,L500mm_DD_golden_3_xingkong,1028985498,EUB大包 20kg 三边<150,0,0,0,,,,0.0,0.0,120,无可用库存
CNY一店,ozon_g,1555049097,L400mm_DD_golden_shuzhi_5,1030331723,EUB大包 20kg 三边<150,0,0,0,,,,0.0,0.0,120,无可用库存
CNY一店,ozon_g,1555049475,L800mm_DD_golden_shuzhi_10,1030331553,EUB大包 20kg 三边<150,0,0,0,,,,0.0,0.0,120,无可用库存
CNY一店,ozon_g,1579323472,L400+600+800+1000mm_DD_black_4,1057559218,EUB大包 20kg 三边<150,0,0,0,,,,0.0,0.0,120,无可用库存
CNY一店,ozon_g,1579466344,L750mm_DD_white,1057711275,EUB大包 20kg 三边<150,0,0,0,,,,0.0,0.0,120,无可用库存
CNY一店,ozon_g,1580394358,L800+600+400mm_DD_black_3,1058743032,EUB大包 20kg 三边<150,0,0,0,,,,0.0,0.0,120,无可用库存
CNY一店,ozon_g,1581516163,manlmi304ktmxrnijy4k,1059899703,EUB大包 20kg 三边<150,0,0,0,,,,0.0,0.0,120,无可用库存
CNY一店,ozon_g,1584968423,dengzhao_100mm,1063629392,EUB大包 20kg 三边<150,0,0,0,,,,0.0,0.0,120,无可用库存
CNY一店,ozon_g,1584968486,dengzhao_150mm,1063629405,EUB大包 20kg 三边<150,0,0,0,,,,0.0,0.0,120,无可用库存
CNY一店,ozon_g,1584968509,dengzhao_120mm,1063629439,EUB大包 20kg 三边<150,0,0,0,,,,0.0,0.0,120,无可用库存
CNY一店,ozon_g,1587391169,guangyuan_G9_3000k_10,1066309440,EUB大包 20kg 三边<150,0,0,0,,,,0.0,0.0,120,无可用库存
CNY一店,ozon_g,1587391571,guangyuan_G9_3000k_5,1066309463,EUB大包 20kg 三边<150,0,0,0,,,,0.0,0.0,120,无可用库存
CNY一店,ozon_g,1587391625,guangyuan_G9_3000k_3,1066309446,EUB大包 20kg 三边<150,0,0,0,,,,0.0,0.0,120,无可用库存
CNY一店,ozon_g,1587394453,guangyuan_G9_4500k_3,1066312441,EUB大包 20kg 三边<150,0,0,0,,,,0.0,0.0,120,无可用库存
CNY一店,ozon_g,1587394454,guangyuan_G9_4500k_10,1066312432,EUB大包 20kg 三边<150,0,0,0,,,,0.0,0.0,120,无可用库存
CNY一店,ozon_g,1587394520,guangyuan_G9_4500k_5,1066312426,EUB大包 20kg 三边<150,0,0,0,,,,0.0,0.0,120,无可用库存
CNY一店,ozon_g,1587405892,guangyuan_G9_6000k_10,1066323867,EUB大包 20kg 三边<150,0,0,0,,,,0.0,0.0,120,无可用库存
CNY一店,ozon_g,1587406045,guangyuan_G9_6000k_5,1066323866,EUB大包 20kg 三边<150,0,0,0,,,,0.0,0.0,120,无可用库存
CNY一店,ozon_g,1587406644,guangyuan_G9_6000k_3,1066323878,EUB大包 20kg 三边<150,0,0,0,,,,0.0,0.0,120,无可用库存
CNY一店,ozon_g,1588650121,D95_DD_gold+white_45,1067635318,EUB大包 20kg 三边<150,0,0,0,,,,0.0,0.0,120,无可用库存
CNY一店,ozon_g,1588651516,D95_DD_black+white_45,1067635346,EUB大包 20kg 三边<150,0,0,0,,,,0.0,0.0,120,无可用库存
CNY一店,ozon_g,1591389919,L1000mm_DD_gold_8_naibai,1070610755,EUB大包 20kg 三边<150,0,0,0,,,,0.0,0.0,120,无可用库存
CNY一店,ozon_g,1591389981,L1000mm_DD_black_8_naibai,1070610767,EUB大包 20kg 三边<150,0,0,0,,,,0.0,0.0,120,无可用库存
CNY一店,ozon_g,1650100815,L120CM-DD-black-TH,1135561608,EUB大包 20kg 三边<150,0,0,0,,,,0.0,0.0,120,无可用库存
CNY一店,ozon_g,1650101010,L120CM-DD-white-TH,1135561631,EUB大包 20kg 三边<150,0,0,0,,,,0.0,0.0,120,无可用库存
CNY一店,ozon_g,1654985692,D800mm_DD_cigarette ash_8,1139683567,EUB大包 20kg 三边<150,0,0,0,,,,0.0,0.0,120,无可用库存
CNY一店,ozon_g,1666100518,dengzhao_naibai_60mm,1154127652,EUB大包 20kg 三边<150,0,0,0,,,,0.0,0.0,120,无可用库存
CNY一店,ozon_g,1666101520,dengzhao_naibai_80mm,1154127472,EUB大包 20kg 三边<150,0,0,0,,,,0.0,0.0,120,无可用库存
CNY一店,ozon_g,1666101557,dengzhao_naibai_100mm,1154127496,EUB大包 20kg 三边<150,0,0,0,,,,0.0,0.0,120,无可用库存
CNY一店,ozon_g,1666101675,dengzhao_naibai_150mm,1154127550,EUB大包 20kg 三边<150,0,0,0,,,,0.0,0.0,120,无可用库存
CNY一店,ozon_g,1666101799,dengzhao_naibai_120mm,1154127563,EUB大包 20kg 三边<150,0,0,0,,,,0.0,0.0,120,无可用库存
CNY一店,ozon_g,1677088447,L680mm_DD_white_yunduo_2.4Gremote control,1167052510,EUB大包 20kg 三边<150,0,0,0,,,,0.0,0.0,120,无可用库存
CNY一店,ozon_g,1894480031,D60cm_DD_gold_HGYM,1433441620,EUB大包 20kg 三边<150,0,0,0,,,,0.0,0.0,120,无可用库存
CNY一店,ozon_g,1906949154,D600MM_gold_YXSJ,1449258579,EUB大包 20kg 三边<150,0,0,0,,,,0.0,0.0,120,无可用库存
CNY一店,ozon_g,1906949263,D500MM_gold_YXSJ,1449258572,EUB大包 20kg 三边<150,0,0,0,,,,0.0,0.0,120,无可用库存
CNY一店,ozon_g,1906950340,D800MM_gold_YXSJ,1449258598,EUB大包 20kg 三边<150,0,0,0,,,,0.0,0.0,120,无可用库存
CNY一店,ozon_g,1922850931,D68CM_XDD_white_yundou,1470678833,EUB大包 20kg 三边<150,0,0,0,,,,0.0,0.0,120,无可用库存
CNY一店,ozon_g,1922851112,D49CM_XDD_white_yundou_YK,1470678821,EUB大包 20kg 三边<150,0,0,0,,,,0.0,0.0,120,无可用库存
CNY一店,ozon_g,1922851820,D49CM_DD_white_yundou_YK,1470678803,EUB大包 20kg 三边<150,0,0,0,,,,0.0,0.0,120,无可用库存
CNY一店,ozon_g,1956249474,L1200mm_BD_black_1,1515969760,EUB大包 20kg 三边<150,0,0,0,,,,0.0,0.0,120,无可用库存
CNY一店,ozon_g,1956249607,L1000mm_BD_black_1,1515969838,EUB大包 20kg 三边<150,0,0,0,,,,0.0,0.0,120,无可用库存
CNY一店,ozon_g,1956250985,L800mm_BD_black_1,1515969663,EUB大包 20kg 三边<150,0,0,0,,,,0.0,0.0,120,无可用库存
CNY一店,ozon_g,1956251231,L600mm_BD_black_1,1515969697,EUB大包 20kg 三边<150,0,0,0,,,,0.0,0.0,120,无可用库存
CNY一店,ozon_g,1990955683,L450mm_BD_blue-yumao,1562476470,EUB大包 20kg 三边<150,0,0,0,,,,0.0,0.0,120,无可用库存
CNY一店,ozon_g,1990955766,L450mm_BD_pink-yumao,1562476624,EUB大包 20kg 三边<150,0,0,0,,,,0.0,0.0,120,无可用库存
CNY一店,ozon_g,1997306491,L800mm_BD_gold-antler,1571394053,EUB大包 20kg 三边<150,0,0,0,,,,0.0,0.0,120,无可用库存
CNY一店,ozon_g,1997306789,L800mm_BD_black-antler,1571394002,EUB大包 20kg 三边<150,0,0,0,,,,0.0,0.0,120,无可用库存
CNY一店,ozon_g,1997306832,L600mm_BD_gold-antler,1571394074,EUB大包 20kg 三边<150,0,0,0,,,,0.0,0.0,120,无可用库存
CNY一店,ozon_g,1997307206,L600mm_BD_black-antler,1571395087,EUB大包 20kg 三边<150,0,0,0,,,,0.0,0.0,120,无可用库存
CNY一店,ozon_g,1552355858,L550mm_DD_golden,1026965583,e邮宝特惠 5kg 三边<90,0,0,0,,,,0.0,0.0,120,无可用库存
CNY一店,ozon_g,1581516163,manlmi304ktmxrnijy4k,1059899703,e邮宝特惠 5kg 三边<90,0,0,0,,,,0.0,0.0,120,无可用库存
CNY一店,ozon_g,1584968423,dengzhao_100mm,1063629392,e邮宝特惠 5kg 三边<90,0,0,0,,,,0.0,0.0,120,无可用库存
CNY一店,ozon_g,1584968486,dengzhao_150mm,1063629405,e邮宝特惠 5kg 三边<90,0,0,0,,,,0.0,0.0,120,无可用库存
CNY一店,ozon_g,1584968509,dengzhao_120mm,1063629439,e邮宝特惠 5kg 三边<90,0,0,0,,,,0.0,0.0,120,无可用库存
CNY一店,ozon_g,1587391169,guangyuan_G9_3000k_10,1066309440,e邮宝特惠 5kg 三边<90,0,0,0,,,,0.0,0.0,120,无可用库存
CNY一店,ozon_g,1587391571,guangyuan_G9_3000k_5,1066309463,e邮宝特惠 5kg 三边<90,0,0,0,,,,0.0,0.0,120,无可用库存
CNY一店,ozon_g,1587391625,guangyuan_G9_3000k_3,1066309446,e邮宝特惠 5kg 三边<90,0,0,0,,,,0.0,0.0,120,无可用库存
CNY一店,ozon_g,1587394453,guangyuan_G9_4500k_3,1066312441,e邮宝特惠 5kg 三边<90,0,0,0,,,,0.0,0.0,120,无可用库存
CNY一店,ozon_g,1587394454,guangyuan_G9_4500k_10,1066312432,e邮宝特惠 5kg 三边<90,0,0,0,,,,0.0,0.0,120,无可用库存
CNY一店,ozon_g,1587394520,guangyuan_G9_4500k_5,1066312426,e邮宝特惠 5kg 三边<90,0,0,0,,,,0.0,0.0,120,无可用库存
CNY一店,ozon_g,1587405892,guangyuan_G9_6000k_10,1066323867,e邮宝特惠 5kg 三边<90,0,0,0,,,,0.0,0.0,120,无可用库存
CNY一店,ozon_g,1587406045,guangyuan_G9_6000k_5,1066323866,e邮宝特惠 5kg 三边<90,0,0,0,,,,0.0,0.0,120,无可用库存
CNY一店,ozon_g,1587406644,guangyuan_G9_6000k_3,1066323878,e邮宝特惠 5kg 三边<90,0,0,0,,,,0.0,0.0,120,无可用库存
CNY一店,ozon_g,1591389919,L1000mm_DD_gold_8_naibai,1070610755,e邮宝特惠 5kg 三边<90,0,0,0,,,,0.0,0.0,120,无可用库存
CNY一店,ozon_g,1591389981,L1000mm_DD_black_8_naibai,1070610767,e邮宝特惠 5kg 三边<90,0,0,0,,,,0.0,0.0,120,无可用库存
CNY一店,ozon_g,1625202144,manljebsygmclbgr4qvd,1107727257,e邮宝特惠 5kg 三边<90,0,0,0,,,,0.0,0.0,120,无可用库存
CNY一店,ozon_g,1625219013,manlx9b9b9musdoujnyp,1107746870,e邮宝特惠 5kg 三边<90,0,0,0,,,,0.0,0.0,120,无可用库存
CNY一店,ozon_g,1650100815,L120CM-DD-black-TH,1135561608,e邮宝特惠 5kg 三边<90,0,0,0,,,,0.0,0.0,120,无可用库存
CNY一店,ozon_g,1650101010,L120CM-DD-white-TH,1135561631,e邮宝特惠 5kg 三边<90,0,0,0,,,,0.0,0.0,120,无可用库存
CNY一店,ozon_g,1654985692,D800mm_DD_cigarette ash_8,1139683567,e邮宝特惠 5kg 三边<90,0,0,0,,,,0.0,0.0,120,无可用库存
CNY一店,ozon_g,1666100518,dengzhao_naibai_60mm,1154127652,e邮宝特惠 5kg 三边<90,0,0,0,,,,0.0,0.0,120,无可用库存
CNY一店,ozon_g,1666101520,dengzhao_naibai_80mm,1154127472,e邮宝特惠 5kg 三边<90,0,0,0,,,,0.0,0.0,120,无可用库存
CNY一店,ozon_g,1666101557,dengzhao_naibai_100mm,1154127496,e邮宝特惠 5kg 三边<90,0,0,0,,,,0.0,0.0,120,无可用库存
CNY一店,ozon_g,1666101675,dengzhao_naibai_150mm,1154127550,e邮宝特惠 5kg 三边<90,0,0,0,,,,0.0,0.0,120,无可用库存
CNY一店,ozon_g,1666101799,dengzhao_naibai_120mm,1154127563,e邮宝特惠 5kg 三边<90,0,0,0,,,,0.0,0.0,120,无可用库存
CNY一店,ozon_g,1894480031,D60cm_DD_gold_HGYM,1433441620,e邮宝特惠 5kg 三边<90,0,0,0,,,,0.0,0.0,120,无可用库存
CNY一店,ozon_g,1906949154,D600MM_gold_YXSJ,1449258579,e邮宝特惠 5kg 三边<90,0,0,0,,,,0.0,0.0,120,无可用库存
CNY一店,ozon_g,1906949263,D500MM_gold_YXSJ,1449258572,e邮宝特惠 5kg 三边<90,0,0,0,,,,0.0,0.0,120,无可用库存
CNY一店,ozon_g,1906950340,D800MM_gold_YXSJ,1449258598,e邮宝特惠 5kg 三边<90,0,0,0,,,,0.0,0.0,120,无可用库存
1店shiyao111111116@163.com,ozon_h,2054305644,1667618240-4zsv,1656718427,ural物流轻小件1-500克。1-1500P,0,0,0,,,,0.0,0.0,120,无可用库存
1店shiyao111111116@163.com,ozon_h,2054311530,1667618230-5axs,1656721096,ural物流轻小件1-500克。1-1500P,0,0,0,,,,0.0,0.0,120,无可用库存
1店shiyao111111116@163.com,ozon_h,2075512359,1486717307-ai6y,1685965315,ural物流轻小件1-500克。1-1500P,0,0,0,,,,0.0,0.0,120,无可用库存
1店shiyao111111116@163.com,ozon_h,2075512665,1486717683-0mu5,1685965388,ural物流轻小件1-500克。1-1500P,0,0,0,,,,0.0,0.0,120,无可用库存
1店shiyao111111116@163.com,ozon_h,2075512740,1486718889-7q0u,1685965463,ural物流轻小件1-500克。1-1500P,0,0,0,,,,0.0,0.0,120,无可用库存
1店shiyao111111116@163.com,ozon_h,2075512993,1681757615-0pi8,1685966082,ural物流轻小件1-500克。1-1500P,0,0,0,,,,0.0,0.0,120,无可用库存
1店shiyao111111116@163.com,ozon_h,2075513085,1486730926-l296,1685965624,ural物流轻小件1-500克。1-1500P,0,0,0,,,,0.0,0.0,120,无可用库存
1店shiyao111111116@163.com,ozon_h,2075513109,1681757073-wreg,1685965944,ural物流轻小件1-500克。1-1500P,0,0,0,,,,0.0,0.0,120,无可用库存
1店shiyao111111116@163.com,ozon_h,2075513422,1681757636-eesl,1685966179,ural物流轻小件1-500克。1-1500P,0,0,0,,,,0.0,0.0,120,无可用库存
1店shiyao111111116@163.com,ozon_h,2075515901,1749319824-wlc7,1685971506,ural物流轻小件1-500克。1-1500P,0,0,0,,,,0.0,0.0,120,无可用库存
1店shiyao111111116@163.com,ozon_h,2075515939,1749327464-c60j,1685971823,ural物流轻小件1-500克。1-1500P,0,0,0,,,,0.0,0.0,120,无可用库存
1店shiyao111111116@163.com,ozon_h,2075516002,1749325465-olw6,1685971635,ural物流轻小件1-500克。1-1500P,0,0,0,,,,0.0,0.0,120,无可用库存
1店shiyao111111116@163.com,ozon_h,2075516017,1749323751-nq80,1685971593,ural物流轻小件1-500克。1-1500P,0,0,0,,,,0.0,0.0,120,无可用库存
1店shiyao111111116@163.com,ozon_h,2075516107,921864173-geui,1685972278,ural物流轻小件1-500克。1-1500P,0,0,0,,,,0.0,0.0,120,无可用库存
1店shiyao111111116@163.com,ozon_h,2075516370,921884848-mhmq,1685972835,ural物流轻小件1-500克。1-1500P,0,0,0,,,,0.0,0.0,120,无可用库存
1店shiyao111111116@163.com,ozon_h,2075516404,921872859-sokk,1685972691,ural物流轻小件1-500克。1-1500P,0,0,0,,,,0.0,0.0,120,无可用库存
1店shiyao111111116@163.com,ozon_h,2075516639,921887711-h6wy,1685973149,ural物流轻小件1-500克。1-1500P,0,0,0,,,,0.0,0.0,120,无可用库存
1店shiyao111111116@163.com,ozon_h,2075516765,921940717-l0ze,1685973476,ural物流轻小件1-500克。1-1500P,0,0,0,,,,0.0,0.0,120,无可用库存
1店shiyao111111116@163.com,ozon_h,2075516876,921932900-lh13,1685973323,ural物流轻小件1-500克。1-1500P,0,0,0,,,,0.0,0.0,120,无可用库存
1店shiyao111111116@163.com,ozon_h,2075516903,1749328362-9usx,1685972064,ural物流轻小件1-500克。1-1500P,0,0,0,,,,0.0,0.0,120,无可用库存
1店shiyao111111116@163.com,ozon_h,2075517003,921945738-spb3,1685973885,ural物流轻小件1-500克。1-1500P,0,0,0,,,,0.0,0.0,120,无可用库存
1店shiyao111111116@163.com,ozon_h,2075517342,921940744-44wy,1685973479,ural物流轻小件1-500克。1-1500P,0,0,0,,,,0.0,0.0,120,无可用库存
1店shiyao111111116@163.com,ozon_h,2075517369,921942986-frz9,1685973679,ural物流轻小件1-500克。1-1500P,0,0,0,,,,0.0,0.0,120,无可用库存
1店shiyao111111116@163.com,ozon_h,2075517486,922171666-3e0e,1685974004,ural物流轻小件1-500克。1-1500P,0,0,0,,,,0.0,0.0,120,无可用库存
1店shiyao111111116@163.com,ozon_h,2090493535,D400_white_1,1707049834,ural物流轻小件1-500克。1-1500P,0,0,0,,,,0.0,0.0,120,无可用库存
1店shiyao111111116@163.com,ozon_h,2090493542,D400_green_2,1707049825,ural物流轻小件1-500克。1-1500P,0,0,0,,,,0.0,0.0,120,无可用库存
1店shiyao111111116@163.com,ozon_h,2090493567,D400_green_3,1707049826,ural物流轻小件1-500克。1-1500P,0,0,0,,,,0.0,0.0,120,无可用库存
1店shiyao111111116@163.com,ozon_h,2090493583,D400_green_1,1707049812,ural物流轻小件1-500克。1-1500P,0,0,0,,,,0.0,0.0,120,无可用库存
1店shiyao111111116@163.com,ozon_h,2090493614,D400_white_3,1707049835,ural物流轻小件1-500克。1-1500P,0,0,0,,,,0.0,0.0,120,无可用库存
1店shiyao111111116@163.com,ozon_h,2093212280,D400_white_2,1707049832,ural物流轻小件1-500克。1-1500P,0,0,0,,,,0.0,0.0,120,无可用库存
1店shiyao111111116@163.com,ozon_h,2114621951,1539852308-v11p,1739118240,ural物流轻小件1-500克。1-1500P,0,0,0,,,,0.0,0.0,120,无可用库存
1店shiyao111111116@163.com,ozon_h,2114623418,1539851878-x99d,1739117993,ural物流轻小件1-500克。1-1500P,0,0,0,,,,0.0,0.0,120,无可用库存
1店shiyao111111116@163.com,ozon_h,2114624155,1539852925-4fnw,1739118463,ural物流轻小件1-500克。1-1500P,0,0,0,,,,0.0,0.0,120,无可用库存
1店shiyao111111116@163.com,ozon_h,2114655507,2065782468-uwo9,1739161354,ural物流轻小件1-500克。1-1500P,0,0,0,,,,0.0,0.0,120,无可用库存
1店shiyao111111116@163.com,ozon_h,2114656338,2065782785-nkws,1739162068,ural物流轻小件1-500克。1-1500P,0,0,0,,,,0.0,0.0,120,无可用库存
1店shiyao111111116@163.com,ozon_h,2114657164,2065783973-yd2c,1739163325,ural物流轻小件1-500克。1-1500P,0,0,0,,,,0.0,0.0,120,无可用库存
1店shiyao111111116@163.com,ozon_h,2114657168,2065783627-u32o,1739162661,ural物流轻小件1-500克。1-1500P,0,0,0,,,,0.0,0.0,120,无可用库存
1店shiyao111111116@163.com,ozon_h,2114659182,2065784916-vrcf,1739164266,ural物流轻小件1-500克。1-1500P,0,0,0,,,,0.0,0.0,120,无可用库存
1店shiyao111111116@163.com,ozon_h,2114660004,2065782177-9ny2,1739166215,ural物流轻小件1-500克。1-1500P,0,0,0,,,,0.0,0.0,120,无可用库存
1店shiyao111111116@163.com,ozon_h,2115037997,H800_gold_1,1739637642,ural物流轻小件1-500克。1-1500P,0,0,0,,,,0.0,0.0,120,无可用库存
1店shiyao111111116@163.com,ozon_h,2115038254,H600_gold_1,1739637639,ural物流轻小件1-500克。1-1500P,0,0,0,,,,0.0,0.0,120,无可用库存
1店shiyao111111116@163.com,ozon_h,2115038277,H400_gold_1,1739637643,ural物流轻小件1-500克。1-1500P,0,0,0,,,,0.0,0.0,120,无可用库存
1店shiyao111111116@163.com,ozon_h,2115038304,H500_gold_1,1739637628,ural物流轻小件1-500克。1-1500P,0,0,0,,,,0.0,0.0,120,无可用库存
1店shiyao111111116@163.com,ozon_h,2141439309,1471654974-33w2,1775204139,ural物流轻小件1-500克。1-1500P,0,0,0,,,,0.0,0.0,120,无可用库存
1店shiyao111111116@163.com,ozon_h,2141440019,1471643530-y97b,1775201918,ural物流轻小件1-500克。1-1500P,0,0,0,,,,0.0,0.0,120,无可用库存
1店shiyao111111116@163.com,ozon_h,2141440149,1471638210-h1ic,1775200865,ural物流轻小件1-500克。1-1500P,0,0,0,,,,0.0,0.0,120,无可用库存
1店shiyao111111116@163.com,ozon_h,2141443723,1479650297-lyet,1775207060,ural物流轻小件1-500克。1-1500P,0,0,0,,,,0.0,0.0,120,无可用库存
1店shiyao111111116@163.com,ozon_h,2141444093,1479638486-96gq,1775206418,ural物流轻小件1-500克。1-1500P,0,0,0,,,,0.0,0.0,120,无可用库存
1店shiyao111111116@163.com,ozon_h,2141444147,1471607239-2oaf,1775199051,ural物流轻小件1-500克。1-1500P,0,0,0,,,,0.0,0.0,120,无可用库存
1店shiyao111111116@163.com,ozon_h,2141446918,1485281827-wyq4,1775210498,ural物流轻小件1-500克。1-1500P,0,0,0,,,,0.0,0.0,120,无可用库存
1店shiyao111111116@163.com,ozon_h,2054305644,1667618240-4zsv,1656718427,ural物流低价大件501克-25 公斤。1-1500P,0,0,0,,,,0.0,0.0,120,无可用库存
1店shiyao111111116@163.com,ozon_h,2054311530,1667618230-5axs,1656721096,ural物流低价大件501克-25 公斤。1-1500P,0,0,0,,,,0.0,0.0,120,无可用库存
1店shiyao111111116@163.com,ozon_h,2075512359,1486717307-ai6y,1685965315,ural物流低价大件501克-25 公斤。1-1500P,0,0,0,,,,0.0,0.0,120,无可用库存
1店shiyao111111116@163.com,ozon_h,2075512665,1486717683-0mu5,1685965388,ural物流低价大件501克-25 公斤。1-1500P,0,0,0,,,,0.0,0.0,120,无可用库存
1店shiyao111111116@163.com,ozon_h,2075512740,1486718889-7q0u,1685965463,ural物流低价大件501克-25 公斤。1-1500P,0,0,0,,,,0.0,0.0,120,无可用库存
1店shiyao111111116@163.com,ozon_h,2075512993,1681757615-0pi8,1685966082,ural物流低价大件501克-25 公斤。1-1500P,0,0,0,,,,0.0,0.0,120,无可用库存
1店shiyao111111116@163.com,ozon_h,2075513085,1486730926-l296,1685965624,ural物流低价大件501克-25 公斤。1-1500P,0,0,0,,,,0.0,0.0,120,无可用库存
1店shiyao111111116@163.com,ozon_h,2075513109,1681757073-wreg,1685965944,ural物流低价大件501克-25 公斤。1-1500P,0,0,0,,,,0.0,0.0,120,无可用库存
1店shiyao111111116@163.com,ozon_h,2075513422,1681757636-eesl,1685966179,ural物流低价大件501克-25 公斤。1-1500P,0,0,0,,,,0.0,0.0,120,无可用库存
1店shiyao111111116@163.com,ozon_h,2075515901,1749319824-wlc7,1685971506,ural物流低价大件501克-25 公斤。1-1500P,0,0,0,,,,0.0,0.0,120,无可用库存
1店shiyao111111116@163.com,ozon_h,2075515939,1749327464-c60j,1685971823,ural物流低价大件501克-25 公斤。1-1500P,0,0,0,,,,0.0,0.0,120,无可用库存
二店2,ozon_k,3092217903,FSD01-BW-50CM-R,3039396573,邮政小包,0,0,0,,,,0.0,0.0,120,无可用库存
二店2,ozon_k,3123502408,BD01-GD-60CM-6,3083325225,邮政小包,0,0,0,,,,0.0,0.0,120,无可用库存
二店2,ozon_k,3123504562,BD01-SL-60CM-6,3083325173,邮政小包,0,0,0,,,,0.0,0.0,120,无可用库存
二店2,ozon_k,3184026783,DD02-GD-45CM,3162542681,邮政小包,0,0,0,,,,0.0,0.0,120,无可用库存
二店2,ozon_k,3184084450,DD05-BK-40CM-3,3162614335,邮政小包,0,0,0,,,,0.0,0.0,120,无可用库存
二店2,ozon_k,3184088166,DD04-BK+Ball in Ball-94CM-16,3162621633,邮政小包,0,0,0,,,,0.0,0.0,120,无可用库存
二店2,ozon_k,3184101366,DD03-BK-27.5CM-2-R,3162639957,邮政小包,0,0,0,,,,0.0,0.0,120,无可用库存
二店2,ozon_k,3184103367,DD05-BK-90CM-7,3162638850,邮政小包,0,0,0,,,,0.0,0.0,120,无可用库存
二店2,ozon_k,3184126977,DD04-GD+Ball in Ball-94CM-16,3162670928,邮政小包,0,0,0,,,,0.0,0.0,120,无可用库存
二店2,ozon_k,3184142497,DD02-SL-45CM,3162693596,邮政小包,0,0,0,,,,0.0,0.0,120,无可用库存
二店2,ozon_k,3318462614,BD05-BK-57CM-10,3339525997,邮政小包,0,0,0,,,,0.0,0.0,120,无可用库存
二店2,ozon_k,3318466743,BD05-GD-30CM-10,3339525833,邮政小包,0,0,0,,,,0.0,0.0,120,无可用库存
二店2,ozon_k,3351762394,DD08-GD-60CM-6-YUMAO,3382279426,邮政小包,0,0,0,,,,0.0,0.0,120,无可用库存
二店2,ozon_k,3352541455,XDD03-GD-52CM,3383266134,邮政小包,0,0,0,,,,0.0,0.0,120,无可用库存
二店2,ozon_k,3352541478,XDD03-GD-42CM,3383266101,邮政小包,0,0,0,,,,0.0,0.0,120,无可用库存
二店2,ozon_k,3352541543,XDD03-GD-35CM,3383266215,邮政小包,0,0,0,,,,0.0,0.0,120,无可用库存
二店2,ozon_k,3352541689,XDD03-GD-32CM,3383266150,邮政小包,0,0,0,,,,0.0,0.0,120,无可用库存
二店2,ozon_k,3352541718,XDD03-GD-55CM-Meihua,3383266284,邮政小包,0,0,0,,,,0.0,0.0,120,无可用库存
二店2,ozon_k,3352542052,XDD03-GD-35CM-Meihua,3383266297,邮政小包,0,0,0,,,,0.0,0.0,120,无可用库存
二店2,ozon_k,3352542083,XDD03-GD-55CM,3383266172,邮政小包,0,0,0,,,,0.0,0.0,120,无可用库存
二店2,ozon_k,3352542216,XDD03-GD-45CM-Meihua,3383266244,邮政小包,0,0,0,,,,0.0,0.0,120,无可用库存
二店2,ozon_k,3352542263,XDD03-GD-45CM,3383266169,邮政小包,0,0,0,,,,0.0,0.0,120,无可用库存
二店2,ozon_k,3386006242,DD09-BK-90CM-6,3426212980,邮政小包,0,0,0,,,,0.0,0.0,120,无可用库存
二店2,ozon_k,3386006419,DD09-BK+Gray-90CM-6,3426213060,邮政小包,0,0,0,,,,0.0,0.0,120,无可用库存
二店2,ozon_k,3386006669,DD09-GD+Gray-90CM-6,3426213075,邮政小包,0,0,0,,,,0.0,0.0,120,无可用库存
二店2,ozon_k,3386008426,DD09-GD-90CM-6,3426212964,邮政小包,0,0,0,,,,0.0,0.0,120,无可用库存
二店2,ozon_k,3424101786,FSD02-BK+hutaomu-142CM,3475311335,邮政小包,0,0,0,,,,0.0,0.0,120,无可用库存
二店2,ozon_k,3424130785,FSD02-Gray+yuanmu-106CM,3475349923,邮政小包,0,0,0,,,,0.0,0.0,120,无可用库存
二店2,ozon_k,3424132444,FSD02-WH+yuanmu-142CM,3475351487,邮政小包,0,0,0,,,,0.0,0.0,120,无可用库存
二店2,ozon_k,3092217903,FSD01-BW-50CM-R,3039396573,EUB大包,0,0,0,,,,0.0,0.0,120,无可用库存
二店2,ozon_k,3123502297,BD01-GD-20CM-2,3083325210,EUB大包,0,0,0,,,,0.0,0.0,120,无可用库存
二店2,ozon_k,3123502310,BD01-GD-30CM-3,3083325227,EUB大包,0,0,0,,,,0.0,0.0,120,无可用库存
二店2,ozon_k,3123502316,BD01-SL-20CM-2,3083325172,EUB大包,0,0,0,,,,0.0,0.0,120,无可用库存
二店2,ozon_k,3123502408,BD01-GD-60CM-6,3083325225,EUB大包,0,0,0,,,,0.0,0.0,120,无可用库存
二店2,ozon_k,3123502467,BD01-SL-40CM-4,3083325198,EUB大包,0,0,0,,,,0.0,0.0,120,无可用库存
二店2,ozon_k,3123502485,BD01-GD-40CM-4,3083325183,EUB大包,0,0,0,,,,0.0,0.0,120,无可用库存
二店2,ozon_k,3123504562,BD01-SL-60CM-6,3083325173,EUB大包,0,0,0,,,,0.0,0.0,120,无可用库存
二店2,ozon_k,3123505399,BD01-SL-30CM-3,3083325221,EUB大包,0,0,0,,,,0.0,0.0,120,无可用库存
二店2,ozon_k,3184026783,DD02-GD-45CM,3162542681,EUB大包,0,0,0,,,,0.0,0.0,120,无可用库存
二店2,ozon_k,3184038984,BD02-SL-46CM,3162550300,EUB大包,0,0,0,,,,0.0,0.0,120,无可用库存
二店2,ozon_k,3184049800,DD05-BK-100CM-7,3162567295,EUB大包,0,0,0,,,,0.0,0.0,120,无可用库存
二店2,ozon_k,3184082417,DD01-BK-100CM-6,3162611550,EUB大包,0,0,0,,,,0.0,0.0,120,无可用库存
二店2,ozon_k,3184084450,DD05-BK-40CM-3,3162614335,EUB大包,0,0,0,,,,0.0,0.0,120,无可用库存
二店2,ozon_k,3184088166,DD04-BK+Ball in Ball-94CM-16,3162621633,EUB大包,0,0,0,,,,0.0,0.0,120,无可用库存
二店2,ozon_k,3184103367,DD05-BK-90CM-7,3162638850,EUB大包,0,0,0,,,,0.0,0.0,120,无可用库存
二店2,ozon_k,3184105435,BD03-GD-76CM-7,3162647582,EUB大包,0,0,0,,,,0.0,0.0,120,无可用库存
二店2,ozon_k,3184113266,DD05-BK-110CM-9,3162656200,EUB大包,0,0,0,,,,0.0,0.0,120,无可用库存
二店2,ozon_k,3184126306,BD03-SL-76CM-7,3162667707,EUB大包,0,0,0,,,,0.0,0.0,120,无可用库存
二店2,ozon_k,3184126977,DD04-GD+Ball in Ball-94CM-16,3162670928,EUB大包,0,0,0,,,,0.0,0.0,120,无可用库存
二店2,ozon_k,3184137685,DD05-BK-120CM-10,3162683220,EUB大包,0,0,0,,,,0.0,0.0,120,无可用库存
二店2,ozon_k,3184142295,DD05-BK-60CM-8,3162692795,EUB大包,0,0,0,,,,0.0,0.0,120,无可用库存
二店2,ozon_k,3184142497,DD02-SL-45CM,3162693596,EUB大包,0,0,0,,,,0.0,0.0,120,无可用库存
